"ID","Gender","Country","VT","BB","UB","FX","HB","PB","PH","SR"
"_daria","w","SUI",12.2165,NA,NA,NA,NA,NA,NA,NA
"_kate","w","AUS",NA,12.383,13.3663333333333,NA,NA,NA,NA,NA
"aas_fredrick","m","NOR",12.966,NA,NA,12.566,12.033,12.466,11.933,11.866
"abad_nestor","m","ESP",13.6066,NA,NA,12.9532,13.5608888888889,14.1165,12.1275,13.5725
"abbadini_yumin","m","ITA",13.69125,NA,NA,13.7216666666667,12.8854285714286,13.2598,13.745375,13.2596
"abdelhaleem_abdelrahman","m","EGY",NA,NA,NA,12,12.766,12.4,13.3106666666667,NA
"abdelrahman_ahmed","m","EGY",13.46625,NA,NA,8.133,12.966,13.233,12.616,NA
"abdelsalam_jana","w","EGY",12.333,11.9996666666667,10.9663333333333,11.816,NA,NA,NA,NA
"abdul_hadi","w","MAS",13.166,11.566,11.6,12.233,NA,NA,NA,NA
"abdul_hadi_farah_ann","w","MAS",NA,11.566,11.6,12.233,NA,NA,NA,NA
"abdullah_ally_hamuda","m","MAS",NA,NA,NA,NA,NA,NA,NA,9.933
"abdullahi_ayesha","w","GBR",NA,10.2,10.2,NA,NA,NA,NA,NA
"abdurakhimov_rasuljon","m","UZB",NA,NA,NA,NA,12.86225,14.299,NA,12.5
"abesadze_saba","m","GEO",12.866,NA,NA,12.283,11.066,12.7396,12.2553333333333,13.033
"abeyratne_kumudi_imanya","w","SRI",NA,9.1,5.5,7.35,NA,NA,NA,NA
"abiyurafi_","m","INA",NA,NA,NA,NA,11.633,10.7,11.5,NA
"aboelhasan_jana","w","EGY",11.6,10.5,10.9,12.266,NA,NA,NA,NA
"abu_al_soud_ahmad","m","JOR",NA,NA,NA,NA,NA,NA,13.683,NA
"achampong_ondine","w","GBR",14.1021428571429,13.3400833333333,13.1732,12.8608888888889,NA,NA,NA,NA
"acuna_francisco","m","CRC",12.95,NA,NA,12.4,12.0666666666667,12.95,11.75,11.75
"adalsteinsdottir_thelma","w","ISL",12.233,11.6663333333333,11.6663333333333,11.3773333333333,NA,NA,NA,NA
"adamson_jess","w","GBR",12,9.7,11.3,10.45,NA,NA,NA,NA
"adapa_karthik","m","CAY",11.6,NA,NA,10.6,10.15,11.15,9.1,10
"adlerteg_jonna","w","SWE",NA,NA,14.533,NA,NA,NA,NA,NA
"afify_mohamed","m","EGY",13.666,NA,NA,13.1,12.0495,14.0106666666667,12.7666666666667,12.883
"afzal_muhammad","m","PAK",10.2,NA,NA,8.4,NA,NA,NA,4.25
"ahmad_kohani_mahdi","m","IRI",NA,NA,NA,NA,NA,NA,NA,14.50725
"ahmed_shishir","m","BAN",11.65,NA,NA,9.1,2.95,6.5,2.1,4.6
"aimy_muhammad_sharul","m","MAS",13.73325,NA,NA,10.9,NA,NA,12.4165,NA
"akhaimova_liliia","w","ROC",14.6994,12.266,12.9,13.633,NA,NA,NA,NA
"akhmejanov_emil","m","KAZ",13.9294444444444,NA,NA,12.1875,11.0386666666667,12.8333333333333,9.37766666666667,11.766
"aldaoud_ruba","w","JOR",10.983,NA,NA,NA,NA,NA,NA,NA
"aleksandrov_yordan","m","BUL",13.5776666666667,NA,NA,12.4216666666667,13.283,13.6137142857143,10.622,12.8883333333333
"aliouat_ahmed_riadh","m","ALG",NA,NA,NA,NA,12.833,13.333,NA,NA
"almeida_filipe","m","POR",13.066,NA,NA,13.133,12.666,10.233,10.866,9.233
"alvarado_luciana","w","CRC",13.433,12.966,12.741,12.166,NA,NA,NA,NA
"alvarez_joel","m","CHI",13.7,NA,NA,12.566,12.366,12.933,10.366,12.366
"amblie_joar","m","NOR",NA,NA,NA,NA,NA,12.5,NA,12.866
"amorelli_mei","w","GBR",12.1,11.5,9.9,11,NA,NA,NA,NA
"amrillaeva_lobar","w","UZB",12.2495,11.1665,10.1665,11.4495,NA,NA,NA,NA
"ananjeva_anastasija","w","LAT",11.983,9.4665,9.3665,11.3,NA,NA,NA,NA
"anders_caleigh","w","RSA",NA,NA,11.8335,NA,NA,NA,NA,NA
"andrade_rebeca","w","BRA",14.7515555555556,13.413,14.0264,14.0158333333333,NA,NA,NA,NA
"andreoli_angela","w","ITA",12.76625,12.666,NA,13.4996666666667,NA,NA,NA,NA
"angel_wong_hiu_ying","w","HKG",NA,11.3,NA,NA,NA,NA,NA,NA
"angonas_georgios","m","CYP",13.653625,NA,NA,12.069,13.0053333333333,12.9108333333333,11.708,12.4301666666667
"antila_minea_aino_maija","w","FIN",12.23,11.333,10.3,NA,NA,NA,NA,NA
"antila_misella","w","FIN",NA,11.666,NA,10.5,NA,NA,NA,NA
"antila_misella_alli_helena","w","FIN",11.86,11.266,9.433,10.566,NA,NA,NA,NA
"anton_yefferson","m","VEN",11.9,NA,NA,12.8,10.8,12.2,10.65,11.1
"aquino_iii_miguel","m","PUR",12.75,NA,NA,12.7,11.9,12,NA,10.85
"archer_shannon","m","GBR",13.9,NA,NA,NA,NA,NA,NA,NA
"archer_shannon","w","GBR",13.0928571428571,11.8625,11.9165,12.3625,NA,NA,NA,NA
"arican_ferhat","m","TUR",11.7665,NA,NA,14.2,12.9098,14.6292352941176,13.7900833333333,NA
"aripova_dildora","w","UZB",12.39125,11.2995,10.6198,12.1995,NA,NA,NA,NA
"arnold_manuel_helmut","m","AUT",13.1,NA,NA,12.833,11.633,12.7,13.083,13
"arraiz_valeria","w","VEN",12.275,11.55,9.8,12,NA,NA,NA,NA
"artamonova_sona","w","CZE",12.3,12.383,11.566,11.8495,NA,NA,NA,NA
"ashikawa_urara","w","JPN",NA,13.70725,NA,12.666,NA,NA,NA,NA
"asil_adem","m","TUR",14.2186,NA,NA,13.973,13.4923333333333,13.8126666666667,12.6617142857143,14.8224375
"ateer_mc_ewan","m","IRL",13.916,NA,NA,NA,NA,NA,NA,NA
"ateer_mc_ewan","m","NIR",13.525,NA,NA,NA,NA,NA,NA,NA
"atencio_richard","m","PAN",12.6,NA,NA,9.65,10.5,9.35,11.6,10.75
"attwood_amelie","w","GBR",11.85,10.55,10.2,11.35,NA,NA,NA,NA
"attygalle_jaydon","m","GBR",13.6,NA,NA,12.65,7.45,12.15,12.05,9.65
"avetisyan_artur","m","",NA,NA,NA,NA,NA,NA,NA,14.733
"avetisyan_artur","m","ARM",NA,NA,NA,NA,NA,NA,NA,14.5463125
"awad_nada","w","EGY",NA,10.433,10.8,9.9,NA,NA,NA,NA
"azamov_asadbek","m","UZB",13.89875,NA,NA,12.8495,11.666,11.933,11,12.583
"azimov_abdulla","m","UZB",13.9,NA,NA,12.983,12.433,13.533,14.3443333333333,11.966
"azizov_ilyas","m","KAZ",13.9096666666667,NA,NA,12.9328,12.2396,12.8045714285714,13.5805714285714,12.5443333333333
"bachurina_tatiana","m","CYP",11.55,NA,NA,NA,NA,NA,NA,NA
"bachurina_tatiana","w","CYP",11.672,11.04975,11.10825,10.94575,NA,NA,NA,NA
"bacskay_csenge","w","HUN",12.874875,NA,11.575,NA,NA,NA,NA,NA
"bacskay_csenge_maria","w","HUN",13.26,11.2495,12.233,11.533,NA,NA,NA,NA
"bacueti_james","m","AUS",13.9,NA,NA,12.5665,NA,NA,11.108,NA
"bago_daniel","m","CZE",13.266,NA,NA,13.4,12.233,10.6665,11.766,12.4165
"bailey_sacha","w","GBR",11.65,10.6,9.825,10.725,NA,NA,NA,NA
"baines_frank","m","GBR",13.95,NA,NA,13.4053333333333,12.8,13.3,12.775,13.075
"baker_shannon","w","GBR",12.15,10.975,10.2,11.7,NA,NA,NA,NA
"balazs_krisztian","m","HUN",13.29125,NA,NA,12.88275,13.6441666666667,13.993,12.7132,12.9665
"balcova_adela","w","SVK",12,10.433,10.6665,10.666,NA,NA,NA,NA
"balzsay_hanna","w","HUN",NA,NA,NA,12.133,NA,NA,NA,NA
"baptiste_raekwon","m","GBR",13.8198,NA,NA,11.15,12.175,12.975,12.62075,13.1053333333333
"barber_emil","m","GBR",13.7165,NA,NA,13.7665,12.35,12.9,11.1,NA
"barbosa_gabriel","m","BRA",NA,NA,NA,NA,NA,13,13.0165,13.1
"barbosa_gabriela","w","BRA",6.325,NA,12.25,11.4,NA,NA,NA,NA
"barbosa_jade","w","",NA,NA,11.166,NA,NA,NA,NA,NA
"barbosu_ana","w","ROU",12.8332,12.6775,13.2864,12.8854285714286,NA,NA,NA,NA
"barros_sydney","w","PUR",NA,NA,NA,11.95,NA,NA,NA,NA
"bartolini_nicola","m","ITA",14.42475,NA,NA,14.195,12.966,13.822,13.0495,12.833
"batori_szabolcs","m","HUN",13.6,NA,NA,11.7553333333333,NA,NA,12.35,11.2
"baumann_christian","m","SUI",NA,NA,NA,NA,13.6,13.25,NA,13.558
"bauyrzhanova_aida","w","KAZ",11.766,12.133,11.23325,12.2398,NA,NA,NA,NA
"bechdeju_laura","w","ESP",13.533,12.666,12.7,12.3,NA,NA,NA,NA
"belak_teja","w","SLO",12.5106666666667,NA,NA,NA,NA,NA,NA,NA
"belardelli_arianna","w","ITA",NA,NA,12.833,12.6165,NA,NA,NA,NA
"belbin_ellie","w","GBR",12.875,10.2,9.25,11.45,NA,NA,NA,NA
"bell_clayton","m","GBR",13.4,NA,NA,12.1,11.6,10.95,10.45,12.35
"benda_alexander","m","AUT",13.233,NA,NA,13.383,12.7996666666667,12.3773333333333,11.8663333333333,12.144
"benovic_aurel","m","CRO",13.7330625,NA,NA,13.5414166666667,NA,NA,NA,NA
"bergholt_cecilie","w","DEN",11.833,9.733,11.3,10.566,NA,NA,NA,NA
"berkin_evans_zadie","w","GBR",NA,9.75,9.75,NA,NA,NA,NA,NA
"bernard_cameron_lie","m","FRA",10.2,NA,NA,NA,12.116,14.180875,12.1998,13.1525
"bernhard_miriam","w","AUT",NA,11.666,NA,10.533,NA,NA,NA,NA
"besana_juancho","m","PHI",12.516,NA,NA,NA,NA,NA,NA,NA
"besana_juancho_miguel","m","PHI",13.958,NA,NA,12.733,12.1665,NA,NA,NA
"bessit_tamsyn_sanchez","w","RSA",11.7,10.4,8.9,11.466,NA,NA,NA,NA
"betancourt_victor","m","VEN",12.4,NA,NA,11.2,11.7,12.15,11.8,12.05
"bevan_brinn","m","GBR",13.35,NA,NA,13.25,12.55,14.0625,12.45,12.925
"bickel_lena","w","SUI",13.366,10,11.233,13.033,NA,NA,NA,NA
"bikinaite_ula","w","LTU",12.283,9.8495,9.95,9.8495,NA,NA,NA,NA
"biles_simone","w","USA",15.1106666666667,14.033,14.566,14.133,NA,NA,NA,NA
"binder_willi_leonhard","m","GER",13.166,NA,NA,12.066,12.866,12.466,12.966,12.1
"biner_ceren","w","TUR",12.5062,10.466,12.122,12.1996666666667,NA,NA,NA,NA
"black_elsabeth","w","CAN",14.133,13.645,13.5553333333333,12.955,NA,NA,NA,NA
"blakely_skye","w","USA",NA,13.5165,12.566,13.6,NA,NA,NA,NA
"blixt_landen_paul","m","USA",14.7,NA,NA,12.333,13.3,13.566,12.633,12.5
"bohle_leni","w","AUT",13,10.166,NA,NA,NA,NA,NA,NA
"bohorquez_kristopher","m","COL",NA,NA,NA,NA,NA,NA,NA,13.5
"bojanc_luka","m","SLO",NA,NA,NA,NA,NA,NA,NA,12.1598
"bonicelli_lorenzo","m","ITA",13.4495,NA,NA,13.6763333333333,13.6665,13.783,13.3995,12.9665
"borg_ella","w","MLT",11.811,9.511,8.83333333333333,11.3773333333333,NA,NA,NA,NA
"borosa_filip","m","CRO",NA,NA,NA,12.25,NA,NA,NA,NA
"bottger_isabella","w","GBR",NA,NA,10.95,NA,NA,NA,NA,NA
"boukhatem_fatma_zohra","w","ALG",12,8.5,10.566,11.466,NA,NA,NA,NA
"boyer_marine","w","FRA",13.422,13.3563,11.9,12.8071111111111,NA,NA,NA,NA
"bozic_nikolaj","m","SLO",NA,NA,NA,11.933,NA,NA,NA,NA
"brackley_jacinta","w","GBR",NA,9.15,9.1,10.25,NA,NA,NA,NA
"brandenburger_quentin","m","LUX",13.633,NA,NA,11.233,12.3,12.1495,9.9,12.2665
"brassart_maellyse","w","BEL",11.7996666666667,12.5092857142857,13.239125,12.547625,NA,NA,NA,NA
"bremner_emily","m","GBR",12.85,NA,NA,NA,NA,NA,NA,NA
"bremner_emily","w","GBR",12.85,11.475,11.4,11.625,NA,NA,NA,NA
"brendel_pascal","m","GER",11.0164,NA,NA,12.94,12.836,13.4164,13.3762,12.9553333333333
"bridge_anna","w","GBR",11.85,6.75,9.8,10.15,NA,NA,NA,NA
"bridge_megan","w","GBR",12.7,10.05,7.75,3.05,NA,NA,NA,NA
"brooker_henry","m","GBR",12.725,NA,NA,11.35,11.2,12.2,10.7,11
"brostella_valentina","w","PAN",NA,NA,9.8,11.45,NA,NA,NA,NA
"brown_georgia_rose","w","AUS",13,NA,13.1064,11.133,NA,NA,NA,NA
"brown_romi","w","AUS",13.166,12.022,13.208,12.1705,NA,NA,NA,NA
"buckley_kevin_george","m","SLO",12.733,NA,NA,12,11.8106666666667,10.383,13.055,12
"bui_kim","w","GER",13.3245,12.6996666666667,13.9062,13.06625,NA,NA,NA,NA
"bull_tyson","m","AUS",NA,NA,NA,NA,13.8955,13.461,12.5,NA
"bulut_hasan","m","TUR",NA,NA,NA,NA,11.7776666666667,13.0333333333333,11.7886666666667,NA
"burrows_annabelle","w","AUS",12.79975,11.433,11.966,12.5165,NA,NA,NA,NA
"burtanete_gabriel","m","ROU",14.2352,NA,NA,13.2551666666667,12.353,13.0996666666667,12.1796,13.4275
"burtanete_robert","m","ROU",13.8106666666667,NA,NA,12.5165,12.333,13.1495,11.95775,12.7
"buus_jacob","m","DEN",NA,NA,NA,NA,13.033,NA,NA,NA
"calle_gil_irene","w","ESP",12.033,10.433,11.566,12.033,NA,NA,NA,NA
"calvo_moreno_jo_calvo","m","COL",14.4,NA,NA,13.166,13.5,12.366,10.4,11.566
"calvo_moreno_jossimar_orlando","m","COL",13.033,NA,NA,12.933,13.4,15.066,13.3,12.066
"campos_guilherme","m","POR",14.044,NA,NA,13.111,11.953,12.3663333333333,9.28866666666667,12.611
"campos_paulina","w","MEX",NA,12.0053333333333,12.9053333333333,12.033,NA,NA,NA,NA
"cardero_sabrina","w","CUB",12.3,7.4,8.65,9.85,NA,NA,NA,NA
"carey_jade","w","USA",14.353,12.54125,13.533,14.0701428571429,NA,NA,NA,NA
"carraro_brisa","w","ARG",NA,12.1,11.833,NA,NA,NA,NA,NA
"carreres_jan","m","ESP",8.63325,NA,NA,12.3415,12.258,12.85,9.15,11.6
"carrion_caro_daniel","m","ESP",13.3106666666667,NA,NA,12.116,11.633,12.8995,12.466,11.833
"carrozzo_lorenzo","m","GBR",12.75,NA,NA,11.35,12.55,12.1,6.2,12.4
"carter_hamish","m","GBR",13.8,NA,NA,12.275,12.5776666666667,13.075,11.675,12.9
"casabuena_laura","w","ESP",12.8498,11.5378571428571,12.6474285714286,12.8812222222222,NA,NA,NA,NA
"casali_lorenzo_minh","m","ITA",14.3441666666667,NA,NA,13.822,12.8996,13.9551666666667,12.7064,13.3996666666667
"cassidy_charlotte","w","GBR",11.95,10.2,10,10.3,NA,NA,NA,NA
"castro_simona","w","CHI",13.2,11.433,11.533,10.2165,NA,NA,NA,NA
"catarino_joel","m","POR",NA,NA,NA,NA,12.666,11.2,NA,12
"cemlyn_jones_joe","m","GBR",13.475,NA,NA,13.05,13.1415,13.1166666666667,12.325,12.825
"cemlyn_jones_joseph","m","GBR",13.4,NA,NA,12.383,11.35,13.3,12.75,13.1
"cereghetti_caterina","w","SUI",12.866,11.466,11.633,12.2,NA,NA,NA,NA
"cham_kelvin","m","GBR",13.1,NA,NA,13.1,12.35,11.9,10.6,13
"cham_olivia","w","GBR",12.5,11.8,8.75,11.9,NA,NA,NA,NA
"chan_cheuk_lam","w","HKG",12.07475,11.222,NA,10.9598,NA,NA,NA,NA
"charalampous_georgia","w","CYP",11.4,7.6,10.966,9.866,NA,NA,NA,NA
"chari_michalis","m","CYP",13.333,NA,NA,12.7212857142857,11.87475,12.7498,10.94975,12.0553333333333
"charpy_lorette","w","FRA",NA,NA,13.755,NA,NA,NA,NA,NA
"chasazyrovas_gytis","m","LTU",13.4663333333333,NA,NA,10.8331666666667,11.9666666666667,12.822,12.2568571428571,11.933
"chavez_carmina","w","ESA",11.9,8.85,9.95,11.65,NA,NA,NA,NA
"chen_zhilong","m","CHN",13.683,NA,NA,13.016,NA,NA,NA,NA
"cheong_yuet_yung","w","SGP",NA,NA,9.5,NA,NA,NA,NA,NA
"chepurnyi_nazar","m","UKR",14.7895714285714,NA,NA,12.9,12.966,12.616,10.833,13.266
"chiles_jordan","w","USA",14.383,11.466,13.466,13.833,NA,NA,NA,NA
"chitters_ruben_luis","m","AUS",13.333,NA,NA,12.666,12.766,11.7,NA,12
"choi_dasol","w","KOR",12,11.666,8.766,10.766,NA,NA,NA,NA
"christopulos_taylor_troy","m","USA",14.46,NA,NA,12.9,13.0965,11.766,NA,13.366
"chusovitina_oksana","w","UZB",13.0423333333333,11.333,10.5995,11.3,NA,NA,NA,NA
"cingolani_andrea","m","ITA",13.2,NA,NA,NA,NA,NA,NA,13.766
"cirino_ryan","m","GBR",13.2,NA,NA,12.5,10.25,12.4,11.55,12.8
"citherlet_lou_anne","w","SUI",12.1665,NA,11.466,NA,NA,NA,NA,NA
"clarke_jerusha","w","GBR",11.8,NA,9.35,11.95,NA,NA,NA,NA
"clay_zachary","m","CAN",NA,NA,NA,NA,10.733,13.866,14.2,12.8
"clenaghan_mc_rhys","m","IRL",NA,NA,NA,NA,NA,NA,15.2665,NA
"clenaghan_mc_rhys","m","NIR",NA,NA,NA,NA,NA,NA,14.2415,NA
"cobb_reece","w","NZL",12.066,9.933,11.833,11.666,NA,NA,NA,NA
"colak_ibrahim","m","TUR",NA,NA,NA,13.25,12.5,13.75,NA,14.3932
"conradie_lisa","w","RSA",11.76,10.333,10.9,10.8,NA,NA,NA,NA
"contreras_wilfry","m","DOM",13.125,NA,NA,10.6496666666667,11.6053333333333,11.322,9.17766666666667,NA
"cook_joshua","m","GBR",13.7,NA,NA,12.85,12.55,12.2,12.05,12.55
"cooper_elliott","m","GBR",12.55,NA,NA,12.45,12.3,12.7,12.05,11.55
"corrales_jhossua","m","CRC",6.825,NA,NA,12.7,11.1,10.8,NA,11.05
"correa_patrick","m","BRA",7.25,NA,NA,12.25,11.95,NA,12.4,12.6
"cosman_lilia","w","ROU",13.166,NA,12.666,NA,NA,NA,NA,NA
"costa_mafalda","w","POR",11.808,11.2663333333333,9.29966666666667,11.922,NA,NA,NA,NA
"cox_euan","m","GBR",14.3,NA,NA,6.325,8.025,12.6,5.1,12.95
"crnjac_lara","w","SLO",NA,NA,11.583,NA,NA,NA,NA,NA
"crovetto_kevin","m","MON",13.1,NA,NA,12.066,12.166,10.266,6.4,12.233
"cubillos_karen","w","COL",NA,11.05,11.75,NA,NA,NA,NA,NA
"cunningham_dominick","m","GBR",NA,NA,NA,NA,NA,NA,NA,12.9
"cunningham_dominick","m","IRL",13.9596,NA,NA,13.2205,12.5773333333333,12.844,11.8773333333333,12.766
"cuyle_glen","m","BEL",14.233,NA,NA,12.2,NA,13.6995,NA,13.9062
"cuyle_nicola","m","BEL",NA,NA,NA,12.733,12.233,13.1665,12.5165,13.566
"czifra_bettina_lili","w","HUN",12.433,12.2976666666667,12.566,12.133,NA,NA,NA,NA
"d_amato_alice","w","ITA",14.09975,12.604,14.2797333333333,13.2925,NA,NA,NA,NA
"d_amato_asia","w","ITA",13.66925,13.2498333333333,13.9864,12.5262,NA,NA,NA,NA
"dabour_farida","w","EGY",12.0165,NA,NA,NA,NA,NA,NA,NA
"dalene_amalie","w","NOR",11.566,NA,NA,NA,NA,NA,NA,NA
"dalsgard_rani","m","DEN",NA,NA,NA,12.7,NA,NA,NA,NA
"damdindorj_enkhtuvshin","m","MGL",10.283,NA,NA,13.416,12.6165,11.1495,13.633,10.783
"dandois_margaux","w","BEL",NA,11.5,12.5165,12.4666666666667,NA,NA,NA,NA
"dang_ngoc_xuan_thien","m","VIE",NA,NA,NA,NA,NA,NA,12.211,NA
"danishevski_kristian_aleksi","m","FIN",13.3495,NA,NA,12.8,NA,NA,NA,NA
"daries_naveen","m","RSA",12.95,NA,NA,NA,NA,NA,NA,NA
"daries_naveen","w","RSA",12.8474285714286,10.1198,12.3955,12.3032,NA,NA,NA,NA
"dauser_lukas","m","GER",13.80775,NA,NA,13.766,12.95825,14.9996666666667,12.8663333333333,13.108
"davidsson_agust","m","",NA,NA,NA,NA,NA,NA,NA,12.75
"davidsson_agust_ingi","m","ISL",NA,NA,NA,NA,11.166,12.866,NA,12.533
"davies_grace","w","GBR",12.65,12.65,12.35,12.05,NA,NA,NA,NA
"davis_lachlan_kent","m","AUS",13.4965,NA,NA,12.2,NA,12.633,12.633,11.9
"davtyan_artur","m","",14.854,NA,NA,13.65,NA,13.7415,14.3,NA
"davtyan_artur","m","ARM",14.9855769230769,NA,NA,13.2775,12.722,13.604,14.1825714285714,14.0161666666667
"davtyan_vahagn","m","ARM",NA,NA,NA,NA,NA,NA,NA,14.613
"dawson_mabelle","w","GBR",11.8,11.4,8.95,10.2,NA,NA,NA,NA
"daykin_jessica","w","GBR",12.8,11.2,9.35,11.45,NA,NA,NA,NA
"de_freitas_joana","w","MON",8.9995,10.05825,9.666,10.883,NA,NA,NA,NA
"de_la_cruz_alejandro","m","CUB",13.1333333333333,NA,NA,10.7,11.15,12.45,11.45,13.6
"de_luna_fabian","m","MEX",13.6016666666667,NA,NA,12.1915,NA,11.6773333333333,NA,13.3025
"de_munck_loran","m","NED",NA,NA,NA,NA,NA,13.84125,14.3606666666667,13.1165
"de_rosa_edoardo","m","ITA",6.85,NA,NA,12.65,11.8,13.55,14.4,13.058
"de_veer_martijn","m","NED",14.1,NA,NA,13.5495,13.544,13.3,11.033,12.766
"degouy_paul","m","FRA",14.2776666666667,NA,NA,13.533,13.4745,13.844,12.166,13.0886666666667
"dejanovic_ivan","m","",NA,NA,NA,NA,10.4,NA,NA,NA
"dejanovic_ivan","m","SRB",NA,NA,NA,NA,12.895,NA,NA,NA
"delgado_natalia","w","PUR",10.5,11.4,9.75,10.15,NA,NA,NA,NA
"demarsico_lara_albertina","w","ARG",11.66,11.633,10.733,11.366,NA,NA,NA,NA
"denommee_laurie","m","CAN",13.65,NA,NA,NA,NA,NA,NA,NA
"denommee_laurie","w","CAN",13.1,11.3,12.5886666666667,13.022,NA,NA,NA,NA
"derek_ana","w","CRO",NA,12.1495,NA,12.5995,NA,NA,NA,NA
"derwael_nina","w","BEL",13.9,13.2326666666667,15.0464,13.4995,NA,NA,NA,NA
"desanges_lucas","m","FRA",9.33333333333333,NA,NA,13.6553333333333,13.2915,12.733,13.072,NA
"devillard_coline","w","FRA",13.6044285714286,12.611,NA,NA,NA,NA,NA,NA
"diallo_thierno","m","ESP",13.7,NA,NA,13.2553333333333,12.8388333333333,14.0683333333333,13.4665,12.7766
"diaz_karelys","w","PUR",12.375,10.75,11.4,11.95,NA,NA,NA,NA
"diaz_nicole","w","PUR",12.4,10.066,10.766,11.833,NA,NA,NA,NA
"diaz_stella","w","PUR",12.2,11.25,12.0166666666667,11.2,NA,NA,NA,NA
"dick_ethan","m","NZL",13.3776666666667,NA,NA,12.1943333333333,12.4776666666667,12.6053333333333,13.61225,12.6833333333333
"dick_samual","m","NZL",12.866,NA,NA,13.366,12.4,13.333,7.333,13.333
"dick_samuel","m","NZL",13.3803333333333,NA,NA,12.5,12.15,12.45,NA,12.65
"dimitriou_evangelina","w","CYP",11.866,8.766,7.233,11.666,NA,NA,NA,NA
"dimitrov_dimitar","m","BUL",13.6885,NA,NA,11.266,NA,NA,NA,12.233
"djordjevic_dusan","m","",13.675,NA,NA,13.3,NA,NA,NA,NA
"doi_ryosuke","m","JPN",9.65533333333333,NA,NA,14.608,14.175,14.15,12.8996666666667,12.6
"dolci_felix","m","CAN",14.1932,NA,NA,13.56225,13.6532,14.1132,10.604,13.9136666666667
"dolgopyat_artem","m","ISR",14.312125,NA,NA,14.395375,12.833,13.583,12.7662,13.166
"donnelly_tara","m","IOM",10.95,NA,NA,NA,NA,NA,NA,NA
"donnelly_tara","w","GBR",12.575,11.75,10.65,11.3,NA,NA,NA,NA
"donnelly_tara","w","IOM",12.35,10.975,11.075,11.45,NA,NA,NA,NA
"dor_geffen","w","ISR",NA,11.044,9.466,11.5165,NA,NA,NA,NA
"dordevic_dusan","m","SRB",13.77875,NA,NA,13.1655,NA,NA,NA,NA
"dowling_jessica","w","CAN",11.8,11.4495,12.2995,12.0886666666667,NA,NA,NA,NA
"downie_rebecca","w","GBR",12.8,12.45,14.1598,12.5,NA,NA,NA,NA
"drncova_eliska","w","CZE",12.166,11.133,11.8495,11.966,NA,NA,NA,NA
"du_siyu","w","CHN",13.1,NA,14.0995,12.033,NA,NA,NA,NA
"ducas_lauren","w","CUB",11.45,10.575,8.175,11,NA,NA,NA,NA
"dudley_colton","m","GBR",11.55,NA,NA,12.7,11.75,10.3,9.05,12.8
"duduchava_valiko","m","GEO",13.1495,NA,NA,11.833,NA,NA,NA,NA
"duffus_jamilia","w","JAM",12.2,7.45,7.05,8.05,NA,NA,NA,NA
"dunbar_courtney","w","GBR",11.85,10.3,9.3,11.2,NA,NA,NA,NA
"dunkel_nils","m","GER",NA,NA,NA,13.083,12.2165,13.8662857142857,14.0138571428571,13.0064
"durak_miroslav","m","CZE",NA,NA,NA,NA,12.233,10.166,10.466,11.633
"duta_antonia","w","ROU",12.5,11.066,12.4,11.333,NA,NA,NA,NA
"dyrmishi_xheni","m","AUT",NA,NA,NA,NA,NA,NA,12.7165,NA
"edwards_amanda","w","AUS",12.0465,11.9165,10.833,11.9995,NA,NA,NA,NA
"edwards_jacob","m","GBR",13.325,NA,NA,13.275,12.2,12.35,12.35,12.875
"edwards_jacob_guest","m","GBR",13.633,NA,NA,13.466,12.566,13.233,12.4,11.766
"eisenegger_martina","w","SUI",NA,9.7,11.666,NA,NA,NA,NA,NA
"elbe_darja","w","LAT",NA,9,8.2,NA,NA,NA,NA,NA
"elmaraghy_ahmed","m","EGY",NA,NA,NA,NA,13.0995714285714,NA,NA,NA
"elpitiya_badalg_d_badalge_dona","m","SRI",12.8,NA,NA,NA,NA,NA,NA,NA
"elpitiya_badalg_d_badalge_dona","w","SRI",NA,10.55,10.5,NA,NA,NA,NA,NA
"elpitiya_badalge_dona","w","SRI",13.366,11.266,10.866,10.3,NA,NA,NA,NA
"elpitiya_badalge_dona_badalge_dona","w","SRI",NA,10.508,11.433,9.21666666666667,NA,NA,NA,NA
"emard_william","m","CAN",9.65,NA,NA,13.972,12.45,13.15,12.2165,13.15
"emeinidou_alexandra","w","GRE",11.483,NA,NA,11.366,NA,NA,NA,NA
"enghels_fien","w","BEL",NA,12.2415,13.3364,NA,NA,NA,NA,NA
"eom_dohyun","w","KOR",12.6,10.5,13.066,12.633,NA,NA,NA,NA
"ercegovic_antea","w","CRO",NA,NA,NA,9.966,NA,NA,NA,NA
"ergashev_khabibullo","m","UZB",13.7,NA,NA,12.7,12.0996666666667,13.1553333333333,13.7165,12.772
"erichsen_julie","w","NOR",12.3662,NA,12.2328,NA,NA,NA,NA,NA
"eriksson_alva","w","SWE",11.666,10.783,11.983,12.1,NA,NA,NA,NA
"erkhembayar_usukhbayar","m","MGL",13.5415,NA,NA,12.8665,11.3995,11.7495,12.5165,11.5165
"escalera_natalia","w","MEX",13.0864,12.0833333333333,12.404,13.08325,NA,NA,NA,NA
"escandon_jose","m","CUB",NA,NA,NA,NA,11.5,12.3,NA,12.15
"escobar_betancur_ginna","w","COL",NA,10.233,11.466,NA,NA,NA,NA,NA
"escobar_diorges","m","CUB",13.925,NA,NA,13.45,13.5833333333333,13.35,12.1,12.05
"escobar_ginna","w","COL",12.41225,11.1333333333333,11.3,12.1333333333333,NA,NA,NA,NA
"espinosa_kevin","m","PAN",NA,NA,NA,10.35,NA,10.35,NA,NA
"esposito_manila","w","ITA",13.4234285714286,12.5915,12.9106666666667,12.9462,NA,NA,NA,NA
"evan_ruby","w","GBR",13.1915,12.933,12.3,13.483,NA,NA,NA,NA
"evans_mia","m","GBR",13.1,NA,NA,NA,NA,NA,NA,NA
"evans_mia","w","GBR",13,10.975,11.075,11.9166666666667,NA,NA,NA,NA
"evans_ruby","w","GBR",13.125,12.05,12.25,12.725,NA,NA,NA,NA
"every_amika","w","ARU",12.3,9.6,9.8,6.725,NA,NA,NA,NA
"eyre_benjamin","m","GBR",13.75,NA,NA,13.1,11.3,11.7,11.55,12.45
"fan_yilin","w","CHN",NA,NA,14.25,NA,NA,NA,NA,NA
"federici_ares","m","ITA",13.383,NA,NA,13.333,13.033,NA,NA,12.8
"fellows_korben","m","GBR",NA,NA,NA,NA,12.7,NA,12.575,12.75
"fenton_georgia_mae","m","GBR",13.15,NA,NA,NA,NA,NA,NA,NA
"fenton_georgia_mae","w","GBR",13.2858333333333,12.63325,13.7665833333333,12.919,NA,NA,NA,NA
"fernandez_emma","w","ESP",12.6165,11.4495,12.1665,12.2553333333333,NA,NA,NA,NA
"fernando_ruchira","m","SRI",11.9,NA,NA,10.6,10.2,11.55,12.2,10.35
"ferrari_vanessa","w","ITA",NA,12.5,NA,14.183,NA,NA,NA,NA
"flage_donovan_evie","w","GBR",NA,NA,12.3,NA,NA,NA,NA,NA
"florencio_tomas","m","BRA",6.975,NA,NA,13.2,13.45,12.8,11.9,13.25
"font_estruch_carla","w","ESP",12.23,10.266,11.866,11.433,NA,NA,NA,NA
"font_laia","w","ESP",12.7404444444444,11.533,11.733,12.4165,NA,NA,NA,NA
"fowler_kirsty","w","GBR",12.525,9.9,9.7,10.7,NA,NA,NA,NA
"fox_daniel","m","IRL",13.2,NA,NA,11.666,11.966,12.866,12.8,13.733
"fragapane_claudia","w","GBR",NA,11.65,NA,12.45,NA,NA,NA,NA
"franceries_lea","w","FRA",10.489,12.9415,NA,13,NA,NA,NA,NA
"francis_danusia","w","JAM",NA,NA,3,NA,NA,NA,NA,NA
"francoy_alice","w","BEL",NA,NA,11.166,11.1,NA,NA,NA,NA
"fraser_joe","m","GBR",13.87475,NA,NA,13.62475,13.68525,14.628,14.0238888888889,14.0498571428571
"frey_andrin","m","SUI",13.8132,NA,NA,13.5553333333333,12.0495,12.6,12.3553333333333,12.783
"frick_aiden","m","AUS",13.066,NA,NA,12.5333333333333,12.2,13.1886666666667,12.35,12.15
"friess_aline","w","FRA",13.653875,12.0995,12.9663333333333,12.8,NA,NA,NA,NA
"frysak_bianca","w","AUT",12.683,11.9266,12.193,12.0248,NA,NA,NA,NA
"fu_allen_william","m","NZL",12.783,NA,NA,11.9915,NA,11.066,9.05,12.35
"fuallen_william","m","NZL",13.633,NA,NA,13.533,NA,11.2,12.133,NA
"fukasawa_kokoro","w","JPN",13.333,12.183,12.4553333333333,NA,NA,NA,NA,NA
"furac_petra","w","CRO",12.233,10.533,10.666,10.7165,NA,NA,NA,NA
"gadirova_jennifer","w","GBR",14.061,12.7904285714286,12.9415,13.5378,NA,NA,NA,NA
"gadirova_jessica","w","GBR",13.9969411764706,13.0330833333333,13.4436363636364,13.9939285714286,NA,NA,NA,NA
"gagamov_jack","m","CZE",NA,NA,NA,NA,12.366,12.133,11.233,11.9
"gahramanov_aghamurad","m","AZE",13.533,NA,NA,12.433,11.566,12.6,9.3,12.066
"gahramanova_samira","w","AZE",11.6495,10.2627777777778,7.366,10.5108333333333,NA,NA,NA,NA
"galicia_maximiliano","m","MEX",13.675,NA,NA,12.825,12.15,13.1166666666667,11.7,12.4666666666667
"gamage_kaushini","w","SRI",NA,8,7,7.85,NA,NA,NA,NA
"garfias_chan_nicolas_andres","m","PER",12.6,NA,NA,12.133,13.333,11.5,11.066,11.5
"garfias_nicolas","m","PER",NA,NA,NA,NA,10.1495,NA,7.011,NA
"gargett_ellie","w","GBR",11.85,10.15,NA,10.05,NA,NA,NA,NA
"garnczarek_kacper","m","POL",13.466,NA,NA,12.2,12.866,13.033,12.9,12.2
"gawronski_sebastian","m","POL",13.8136666666667,NA,NA,13.0995714285714,11.7106666666667,12.8775,10.472,12.8066
"gemza_anna","w","POL",NA,10,11.466,9.7,NA,NA,NA,NA
"gentges_maxime","m","BEL",12.766,NA,NA,13.033,12.9606666666667,13.733,13.7996,12.4165
"georgieva_valentina","w","BUL",13.433,11.033,10.266,11.033,NA,NA,NA,NA
"georgiou_ilias","m","CYP",14.1,NA,NA,13.133,13.6025,13.4108333333333,12.483,13.408
"georgiou_marios","m","CYP",13.9,NA,NA,13.0943333333333,13.9451428571429,14.4915,13.23725,8.76666666666667
"gerasimova_elena","w","ROC",13.466,13.766,13.233,12.333,NA,NA,NA,NA
"geurts_elisabeth","w","NED",7,11.25,13.1,12,NA,NA,NA,NA
"ghigoarta_amalia","w","ROU",13.0665,12.9776666666667,11.016,12.5665,NA,NA,NA,NA
"ghinn_samuel","m","GBR",13.2,NA,NA,12.2,12.05,12.9,10.825,12.5
"giannini_lay","m","ITA",10.454,NA,NA,13.4,13.4,13.374,12.7166666666667,13.1495
"giubellini_chiara","w","SUI",12.65,10.783,NA,12.355,NA,NA,NA,NA
"giubellini_luca","m","SUI",14.211,NA,NA,13.066,NA,NA,13.866,NA
"gkinis_stavros","m","GRE",12.833,NA,NA,12.666,12.5,13.066,6.966,12.6106666666667
"gobadze_ani","w","GEO",11.766,9.76633333333333,9.4495,10.2883333333333,NA,NA,NA,NA
"godwin_georgia","w","AUS",13.3676,13.1949,13.3766,13.2165,NA,NA,NA,NA
"gomez_rodrigo","m","MEX",13.8,NA,NA,12.95,12.05,11.8,12.5,11.7
"gonzales_edward","m","PER",13.7,NA,NA,11.6,11.033,12.8,12.566,11.833
"gonzalez_marina","w","ESP",13.233,12.366,11.033,12.866,NA,NA,NA,NA
"gorrell_eilidh","m","GBR",11.7,NA,NA,NA,NA,NA,NA,NA
"gorrell_eilidh","w","GBR",11.5,10.9833333333333,11.1166666666667,11.7166666666667,NA,NA,NA,NA
"graikos_alkinoos_nikolaos","m","GRE",13.63,NA,NA,11.9665,11.7495,12.533,12.333,12.133
"grande_alexa","w","ESA",12.3875,11.6666666666667,10.275,11.9,NA,NA,NA,NA
"grant_shanna_kae","w","GBR",12.5,11.575,11.9,12.7,NA,NA,NA,NA
"gravin_elina","w","SWE",NA,12.333,11.133,12.233,NA,NA,NA,NA
"griffiths_fraser_guest","m","GBR",13.566,NA,NA,9.933,NA,12.7,11.566,NA
"gruenberg_jermain","m","NED",13.3663333333333,NA,NA,12.0553333333333,12.953,13.295,11.8996666666667,12.7993333333333
"grygiel_magdalena","w","POL",12.3,9.4,11,11.166,NA,NA,NA,NA
"grünberg_jermain","m","",NA,NA,NA,NA,12.45,13.858,NA,NA
"guan_chenchen","w","CHN",NA,14.7815,NA,NA,NA,NA,NA,NA
"gudmundsdottir_hildur","w","ISL",12.2773333333333,10.0663333333333,10.1773333333333,12.011,NA,NA,NA,NA
"gudmundsson_martin","m","",13.3,NA,NA,NA,10.15,NA,NA,NA
"gudmundsson_martin","m","ISL",13.25,NA,NA,13.183,12.4,9.933,10.9495,12.0495
"guilbe_nelson","m","PUR",NA,NA,NA,NA,NA,NA,10,NA
"guimaraes_yuri","m","BRA",14.2165,NA,NA,14.066,NA,NA,NA,12.9
"guimarães_yuri","m","",14.204,NA,NA,13.35,NA,12.5,11.7,NA
"guimarães_yuri","m","BRA",14.45825,NA,NA,13.558,13.25,13.15,NA,13
"gulidov_pavel","m","ISR",12.3628888888889,NA,NA,11.8273333333333,NA,12.9564,12.633,13.4198
"gundogdu_yunus","m","TUR",13.4901428571429,NA,NA,12.416,NA,13.2653333333333,NA,13.39575
"gunnarsson_jon","m","ISL",NA,NA,NA,NA,NA,NA,NA,12.3995
"habisreutinger_lilli","w","SUI",12.783,8.666,10.066,11.866,NA,NA,NA,NA
"haemmerle_elisa","w","AUT",12.533,11.8,12.6,12,NA,NA,NA,NA
"hagenaar_jordi","m","NED",13.883,NA,NA,13.333,13.133,13.633,11.2995,12.833
"hajjar_maddison","w","CAN",NA,12.108,11.766,12.572,NA,NA,NA,NA
"hall_james","m","GBR",14.2666666666667,NA,NA,13.604,13.604,13.8331666666667,13.528875,13.5303333333333
"halova_sabina","w","CZE",NA,11.566,10.933,NA,NA,NA,NA,NA
"halvorsen_selma","w","",12.3165,9.9,11.7,11.233,NA,NA,NA,NA
"halvorsen_selma","w","NOR",11.5995,NA,11.033,10.1,NA,NA,NA,NA
"hamadouche_houssem_eddine","m","ALG",12.7995,NA,NA,12.333,NA,NA,11.633,NA
"hamidi_mohammadreza","m","IRI",NA,NA,NA,NA,13.3,NA,NA,NA
"hamidi_sihem","w","ALG",12.0995,9.533,NA,NA,NA,NA,NA,NA
"hammerle_elisa","w","AUT",NA,12.4995,NA,12.3495,NA,NA,NA,NA
"haque_ali_kader","m","BAN",13.05,NA,NA,11.8,NA,NA,NA,NA
"hardardottir_gudrun","w","ISL",NA,11.333,10.1,NA,NA,NA,NA,NA
"hardiman_sandy","m","AUS",6.525,NA,NA,NA,NA,11.3,11.35,NA
"hardy_james","m","AUS",13.3276666666667,NA,NA,13.475,10.933,12.925,12.208,12.683
"hariadi_ameera","w","INA",11.8745,10.6995,11.5,11.2995,NA,NA,NA,NA
"hartmann_daria_angelina","w","SUI",12.283,12.233,NA,12.05,NA,NA,NA,NA
"hasegawa_tsuyoshi","m","JPN",6.95,NA,NA,14.05,13.85,14.35,13.55,13.1
"hashimoto_daiki","m","JPN",14.7866666666667,NA,NA,14.313,14.7831666666667,12.15825,13.7196,14.07475
"hasler_charlotte","w","GBR",11.5,10.15,8.6,10.6,NA,NA,NA,NA
"hatakeda_chiaki","w","JPN",13.56,12.733,12.1,12.8773333333333,NA,NA,NA,NA
"hatakeda_hitomi","w","JPN",12.266,13,14.133,13.333,NA,NA,NA,NA
"hatoguan_joseph","m","INA",13.4995,NA,NA,10.833,NA,NA,11.333,8.166
"hautala_ada","w","FIN",12.7663333333333,10.62475,12.02475,12.383,NA,NA,NA,NA
"haziq_mikhail","m","SGP",NA,NA,NA,NA,NA,NA,11.75,NA
"heduit_carolann","w","FRA",13.9498333333333,12.5474285714286,13.6328333333333,12.7885,NA,NA,NA,NA
"heffernan_jane","w","IRL",11.633,9.833,11.166,11.7,NA,NA,NA,NA
"heggemsnes_sofus","m","NOR",14.1998,NA,NA,13.1635,13.110125,13.373,12.1398,13.0864
"hendricks_tommera","w","GBR",12.875,11.6166666666667,10.925,11.125,NA,NA,NA,NA
"hepworth_harry","m","GBR",14.5542105263158,NA,NA,13.497875,NA,12.075,NA,13.5617142857143
"heron_hillary","w","PAN",13.158125,10.9943333333333,12.0053333333333,12.7032,NA,NA,NA,NA
"herrera_lana","w","PAN",12.6496666666667,9.4,12.05,12.261,NA,NA,NA,NA
"higgins_blathnaid","w","IRL",12.3,11.1,NA,11.866,NA,NA,NA,NA
"hilton_halle","w","GBR",12.85,10.9,11,12.5,NA,NA,NA,NA
"hilton_halle","w","IRL",12.8886666666667,12.1064,10.773,12.253,NA,NA,NA,NA
"hiraiwa_yuna","w","JPN",13.733,13.533,11.7,12.666,NA,NA,NA,NA
"hock_vinzenz","m","AUT",NA,NA,NA,NA,12.833,NA,NA,14.37
"hoerr_carlo","m","GER",NA,NA,NA,12.633,13.4665,13.266,9.566,13.166
"holasova_aneta","w","CZE",12.7553333333333,11.2886666666667,11.8996666666667,11.8415,NA,NA,NA,NA
"holbura_maria","w","ROU",13.166,12.7,11.1,12.2,NA,NA,NA,NA
"hong_asher","m","USA",14.2162857142857,NA,NA,14.1273333333333,11.6666666666667,14.7333333333333,13.84575,13.91225
"honnor_george","m","GBR",13.175,NA,NA,12.55,12.25,11.25,5.85,12.15
"hooton_niall","m","IRL",13.7,NA,NA,12.666,11.533,10.8,10.3,11.533
"horr_carlo","m","GER",13.63,NA,NA,12.4,12.75,12.9,12.608,13.15
"hosseini_milan","m","GER",9.52766666666667,NA,NA,14.033,12.6,13.1,13,13.0415
"hribar_anze","m","SLO",13.733,NA,NA,10.053,11.9064,12.733,10.8,11.8995
"hribar_lucija","w","SLO",13.022,11.8718333333333,12.4281428571429,11.8198,NA,NA,NA,NA
"huang_yi_qin","w","TPE",NA,11.533,NA,11.233,NA,NA,NA,NA
"hubareva_yelyzaveta","w","UKR",12.6495,11.7474285714286,12.7896,11.566,NA,NA,NA,NA
"huddleston_david","m","BUL",14.216,NA,NA,11.633,11.6665,14.1495,12.7165,13.2665
"huernink_luuk","m","NED",13.8,NA,NA,12.866,12.6,12.133,NA,NA
"hung_yuan_hsi","m","TPE",NA,NA,NA,NA,13.433,14.3,11.433,13.033
"hur_woong","m","KOR",NA,NA,NA,NA,NA,11.433,14.433,NA
"idesjoe_karl","m","SWE",13.0165,NA,NA,12.65,12.0995,13.433,7.866,13.20775
"il_sung_melander_luis","m","SWE",13.033,NA,NA,12.866,11.866,10.3443333333333,9.7165,12.344
"iliankova_anastasiia","w","ROC",NA,NA,14.898,NA,NA,NA,NA,NA
"iliopoulos_nikolaos","m","GRE",13.966,NA,NA,12.266,12.87475,12.483,12.333,13.4
"indig_eyal","m","ISR",NA,NA,NA,NA,NA,NA,13.98325,NA
"iordache_larisa_andreea","w","ROU",NA,14.133,NA,NA,NA,NA,NA,NA
"iorio_elisa","w","ITA",NA,NA,13.766,NA,NA,NA,NA,NA
"ioscovich_eliran","m","ISR",11.8,NA,NA,13.142,12.5,13.5,11.1,12.35
"irfanaluthfi_rifda","w","INA",12.8884444444444,11.222,11.9663333333333,12.54975,NA,NA,NA,NA
"isaias_michalis","m","CYP",12.333,NA,NA,11.233,11.533,11.166,9.166,11.933
"jaaskelainen_anton","m","FIN",NA,NA,NA,NA,11.866,12.5,10.8,11.466
"jacobsen_aron","m","DEN",12.366,NA,NA,12.666,11.166,11.5,10.883,12.033
"jacobsen_sara","w","DEN",12.666,9.266,9.6,11.166,NA,NA,NA,NA
"jalbert_mathys","m","CAN",NA,NA,NA,NA,12.45,12.7,12.05,11.2
"jarman_jake","m","GBR",14.847652173913,NA,NA,14.2033571428571,13.2109166666667,13.9914166666667,13.2390909090909,13.0646666666667
"jato_julian_ezequiel","m","ARG",13.2,NA,NA,12.566,11.2,12.266,9.533,12.566
"jauch_meolie","w","GER",NA,NA,13.64575,NA,NA,NA,NA,NA
"jaukovic_andela","w","SRB",NA,NA,NA,9.8,NA,NA,NA,NA
"jensen_natalie","w","DEN",12.5665,10.166,9.733,11.4,NA,NA,NA,NA
"jesus_santos_melanie","w","FRA",14.166,12.79125,14.279,13.23275,NA,NA,NA,NA
"jim_man_hin","m","HKG",11.1,NA,NA,NA,NA,NA,NA,NA
"jimenez_dilan","m","COL",13.75,NA,NA,13.7833333333333,12.075,13.0833333333333,11.5,12.4
"jimenez_giraldo_dilan","m","COL",NA,NA,NA,NA,NA,13.8662,NA,12.455
"jimenez_pau","m","ESP",13.7775384615385,NA,NA,13.6305,10.05,13.079,11.383,12.7898
"jimsheleishvili_ioane","m","GEO",13.5132,NA,NA,11.77475,10.5464,11.9165,9.666,12.933
"johnson_jake","m","GBR",13,NA,NA,10.7,12.55,11.575,12.675,12.4
"jonasson_arnthor","m","",NA,NA,NA,NA,NA,NA,12.25,NA
"jones_shilese","w","USA",14.2165,13.15,14.566,13.75,NA,NA,NA,NA
"jones_thomas","m","GBR",14.06,NA,NA,12.35,11.925,12,9.175,12.25
"jovicic_marko","m","CRO",NA,NA,NA,11.4354285714286,NA,NA,NA,NA
"juarez_josue","m","MEX",NA,NA,NA,NA,11.85,13.45,11.45,NA
"jumabekova_gulnaz","w","UZB",12.5034444444444,9.633,8.983,11.5106666666667,NA,NA,NA,NA
"juraev_utkirbek","m","UZB",NA,NA,NA,12.5443333333333,12.833,12.733,13.422,NA
"jurevica_katrina","w","",12.4,NA,NA,NA,NA,NA,NA,NA
"jurevica_katrina","w","LAT",12.0996666666667,10.4216666666667,9.7,11.122,NA,NA,NA,NA
"kaczmarek_julia","w","GBR",11.7,9.7,10.25,11.75,NA,NA,NA,NA
"kaji_chris","m","CAN",13.9,NA,NA,12.825,12.8165,13.3165,NA,13.933
"kalamarova_radoslava","w","SVK",11.533,11.066,8.133,11.066,NA,NA,NA,NA
"kalny_ondrej","m","CZE",14.1525,NA,NA,12.5066,NA,NA,11.7,NA
"kalukottage_amaya","w","SRI",NA,8.55,7.15,8.75,NA,NA,NA,NA
"kalukottage_amaya_sithumini","w","SRI",11.16,9.9,7.666,9.266,NA,NA,NA,NA
"kamanga_annais_ornella","w","GBR",12.5125,9.8,9.9,11.4,NA,NA,NA,NA
"kamiljanov_ravshan","m","UZB",13.333,NA,NA,12.41625,12.366,11.833,13.5015,11.733
"kamoto_yuya","m","JPN",NA,NA,NA,NA,14.24975,14.5776666666667,NA,14.3663333333333
"kan_hyunbae","m","KOR",12.766,NA,NA,13.833,13.3,NA,NA,12.1
"kanellos_apostolos","m","GRE",12.855,NA,NA,12.2326666666667,11.7198,10.622,12.01625,10.783
"kanerva_tarmo","m","FIN",13.466,NA,NA,13.3,12.233,12.4,12.283,12.7165
"kanerva_tarmo_tuomas","m","FIN",13.133,NA,NA,12.8,11.8,12.266,12.366,12.633
"kanter_mari","w","",NA,12.233,11.633,12.2495,NA,NA,NA,NA
"kanter_mari","w","NOR",12.2,11.3216666666667,11.444,12.1165,NA,NA,NA,NA
"kardos_botond","m","HUN",13.8553333333333,NA,NA,13.6993333333333,12.2776666666667,13.8773333333333,NA,NA
"karimi_milad","m","KAZ",14.1258,NA,NA,13.8525,13.5182222222222,13.6948571428571,12.955,13.1495
"karlsen_jacob","m","NOR",14.033,NA,NA,13.1665,12.4665,11.216,10.9665,13.633
"karnejenko_pavel","m","GBR",11.5,NA,NA,12.9665714285714,12.9295555555556,13.6443333333333,11.62,13.9073636363636
"karnes_joshua_andrew","m","USA",14.3315,NA,NA,13.683,13.483,13.9995,13.3165,12.916
"karsikas_akseli","m","FIN",12.9331428571429,NA,NA,11.683,12.222,10.9443333333333,NA,12.116
"kasala_oliver","m","SVK",12.933,NA,NA,12.3,12.0915,13.558,11.266,12.383
"kasianenko_yuliia","w","UKR",12.7,12.0995,11.383,12.183,NA,NA,NA,NA
"katsali_elvira","w","GRE",11.7995,11.3443333333333,10.044,11.55,NA,NA,NA,NA
"kawakami_shohei","m","JPN",13.6863333333333,NA,NA,13.766,14.1665,14.366,13.2665,13.3495
"kaya_kazuma","m","JPN",14.298,NA,NA,13.7924,14.07475,14.6524,14.459,13.9995
"kayisoglu_sevgi","w","TUR",11.9883333333333,11.5184,12.0496666666667,12.1498333333333,NA,NA,NA,NA
"kelesidis_georgios","m","GRE",NA,NA,NA,NA,12,12.333,11.8,NA
"kelly_olivia","w","BAR",13.066,11.133,10.033,12.5,NA,NA,NA,NA
"kennedy_cara","m","GBR",13.35,NA,NA,NA,NA,NA,NA,NA
"kennedy_cara","w","GBR",12.5571428571429,11,11.05,12.3333333333333,NA,NA,NA,NA
"keybus_luka","m","BEL",14.3165,NA,NA,13.5165,13.0495,14.1995,11.1495,12.8
"khachikyan_gagik","m","",NA,NA,NA,NA,NA,NA,14.683,NA
"khachikyan_gagik","m","ARM",13.3398,NA,NA,13.3443333333333,11.711,12.6553333333333,13.9858,12.4773333333333
"khalid_zarith_imaan","w","MAS",0,9.933,12.333,NA,NA,NA,NA,NA
"khalilova_ominakhon","w","UZB",11.6,10.1,9.4,11.866,NA,NA,NA,NA
"khalimarden_amina","w","KAZ",12.1165,9.466,10,NA,NA,NA,NA,NA
"khater_zaid","m","EGY",NA,NA,NA,NA,12.833,NA,NA,13.166
"khosronezhad_","m","IRI",NA,NA,NA,NA,NA,NA,NA,13.333
"kickinger_selina","w","AUT",12.97475,11.9745,12.5415,11.81625,NA,NA,NA,NA
"kilicer_mert_efe","m","TUR",NA,NA,NA,12.6,12.9032,13.3665,12.9776666666667,NA
"kim_hansol","m","KOR",13.922,NA,NA,14.266,NA,NA,NA,NA
"kim_jaeho","m","KOR",14.449,NA,NA,13.6,13.3995,13.8495,11.283,11.766
"kim_seohyeon","w","KOR",12.742,10.033,NA,11.666,NA,NA,NA,NA
"kim_subeen","w","KOR",NA,NA,10.5,NA,NA,NA,NA,NA
"king_sara","w","SLO",12.03,10.9553333333333,10.711,11.4773333333333,NA,NA,NA,NA
"kinsella_alice","m","GBR",13.9,NA,NA,NA,NA,NA,NA,NA
"kinsella_alice","w","GBR",13.833,12.8359166666667,13.4702307692308,13.2461428571429,NA,NA,NA,NA
"kiosi_christina","w","GRE",12.09975,11.466,NA,11.7553333333333,NA,NA,NA,NA
"kirmes_oskar","m","FIN",12.8996666666667,NA,NA,12.59975,12.7995,13.18325,12.93325,13.0443333333333
"kirmes_robert","m","FIN",13.5666666666667,NA,NA,12.7462,11.853,12.4596,11.64975,12.408
"kiss_balazs","m","HUN",NA,NA,NA,NA,12.2386666666667,12.533,12.62875,13.3303333333333
"kitazono_takeru","m","JPN",NA,NA,NA,12.633,13.4995,10.033,12.8,11.766
"klessing_nick","m","GER",14.133,NA,NA,12.266,NA,NA,NA,13.266
"kochan_lucas","m","GER",11.1032,NA,NA,13.454,13.0332,13.3776666666667,11.6165,13.05
"koenig_anna_lena","w","GER",13.083,11.8165,12.066,12.87475,NA,NA,NA,NA
"kokko_saara","w","FIN",11.966,9.733,9.966,11.966,NA,NA,NA,NA
"kokko_saara_katariina","w","FIN",NA,NA,NA,10.366,NA,NA,NA,NA
"kokufugata_azuki","w","JPN",NA,NA,12.5665,13.5995,NA,NA,NA,NA
"kolodii_pantely","m","UKR",13.2495,NA,NA,12.6773333333333,12.1862,12.4994,12.8998,13.3864
"konig_anna_lena","w","GER",6.575,10.9,10.4,12.35,NA,NA,NA,NA
"konstantinidis_konstantinos","m","GRE",NA,NA,NA,NA,NA,NA,NA,13.4932
"korent_tijana","w","CRO",12.983,NA,NA,NA,NA,NA,NA,NA
"kosak_mehmet","m","TUR",13.8495,NA,NA,NA,NA,NA,NA,14.133
"kosak_mehmet_ayberk","m","TUR",11.812,NA,NA,12.9915,12.0773333333333,12.4663333333333,11.7746666666667,14.1159090909091
"koski_elias","m","FIN",13.7665,NA,NA,13.2415,13.04975,13.0796,13.213,13.0495
"koti_shante","w","RSA",NA,10.5996666666667,NA,11.8415,NA,NA,NA,NA
"koudinov_mikhail","m","NZL",13.8665,NA,NA,13.0415,12.73,13.8898,11.875,13.025
"kovacs_zsofia","w","HUN",12.613,12.9442222222222,14.0033333333333,12.849625,NA,NA,NA,NA
"kovtun_illia","m","UKR",13.9875263157895,NA,NA,13.5592857142857,13.6764,15.0437058823529,14.0896666666667,13.0754545454545
"kozlovska_marharyta","w","UKR",11.7665,10.5,11.1495,11.633,NA,NA,NA,NA
"kranitis_nikolaos","m","GRE",13.9,NA,NA,11.8,12.233,10.866,10.8,12.8
"kranzlmueller_severin","m","AUT",13.283,NA,NA,12.266,12.7165,12.1995,10.716,12.783
"kratter_moreno","m","SUI",11.4246666666667,NA,NA,13.673,13.1996,13.833,NA,12.8333333333333
"kristinsdottir_margret","w","ISL",11.866,10,11.366,12.1,NA,NA,NA,NA
"kristinsdottir_margret_lea","w","ISL",11.333,NA,NA,11.933,NA,NA,NA,NA
"kritski_veronika","w","GBR",12.7166666666667,10.65,11.55,11.725,NA,NA,NA,NA
"kroell_carina","w","AUT",12.566,12.033,11.8,11.7,NA,NA,NA,NA
"krupa_ilona","w","UKR",12.133,10.833,12.5,11.733,NA,NA,NA,NA
"kuavita_noah","m","BEL",14.411,NA,NA,13.1,13.2196,13.8886666666667,12.0995,11.9995
"kukuljan_frleta_nika","w","CRO",11.7216666666667,10.666,10.433,10.455,NA,NA,NA,NA
"kulczynska_emilia","w","POL",11.7996666666667,11.75,11.433,10.7495,NA,NA,NA,NA
"kumar_gaurav","m","IND",12.566,NA,NA,12.8,11.9,13.5,11.7,12.3
"kumarasinghege_hansha_gayashan","m","SRI",NA,NA,NA,NA,NA,NA,9.05,4.15
"kumarasinghege_hg_kumarasinghege","m","SRI",10.1,NA,NA,NA,NA,NA,NA,NA
"kunaver_meta","w","SLO",12.1998,9.5665,9.733,10.7165,NA,NA,NA,NA
"kunz_alexander","m","GER",13.4322857142857,NA,NA,13.1032,12.3398,13.029,12.33325,12.9832
"kurbanov_nariman","m","KAZ",NA,NA,NA,NA,NA,NA,14.8714166666667,NA
"kusumoto_hima","w","JPN",6.5,12.633,12.6,10.8,NA,NA,NA,NA
"kuusikko_maisa","w","FIN",13.1276666666667,12.2262,13.0396,12.6662,NA,NA,NA,NA
"kuzmickas_titas","m","LTU",9.833,NA,NA,12.4,11.133,12.466,4.2,11.366
"kuzmickas_tomas","m","",NA,NA,NA,13.05,13.133,13.5,NA,NA
"kuzmickas_tomas","m","LTU",13.1886666666667,NA,NA,12.922,12.633,12.92475,11.811,12.4553333333333
"kyriakou_neofytos","m","CYP",13.857625,NA,NA,13.483,12.34125,12.616,11.8165,10.566
"kyrlidou_vasiliki","w","GRE",NA,8.033,NA,10.433,NA,NA,NA,NA
"kysselef_tjasa","w","SLO",12.8665,9.9165,NA,NA,NA,NA,NA,NA
"lai_pin","w","TPE",12.48125,11.4165,11.7,12.083,NA,NA,NA,NA
"lai_pin_ju","w","TPE",11.133,11.2062,11.383,12.1773333333333,NA,NA,NA,NA
"lalonde_jenna","m","CAN",13.05,NA,NA,NA,NA,NA,NA,NA
"lalonde_jenna","w","CAN",NA,12,13.1415,12.2,NA,NA,NA,NA
"lamb_isabelle","w","GBR",11.95,10.575,10.375,11.175,NA,NA,NA,NA
"lan_xingyu","m","CHN",14.43,NA,NA,13.466,13.366,14.4,13.683,15.33
"lange_ruan","m","RSA",13.96,NA,NA,10.9,9.866,11.9,10.933,11
"langenegger_florian","m","SUI",11.1466,NA,NA,13.4165,12.861,13.6163333333333,13.008,13.0205
"laroui_djenna","w","FRA",9.37475,10.533,12.8198,11.95375,NA,NA,NA,NA
"lashchevska_anna","w","UKR",12.733,12.5377142857143,12.672,11.666,NA,NA,NA,NA
"lauritsen_michelle","w","DEN",11.633,NA,11.633,NA,NA,NA,NA,NA
"leat_alia","w","GBR",13.2,11.4,10.45,11.4,NA,NA,NA,NA
"leaver_james","m","GBR",13.55,NA,NA,12.35,11.9,13,5.35,12.6
"lee_cassandra","w","CAN",NA,12.1,NA,12.95,NA,NA,NA,NA
"lee_chih","m","TPE",14.3,NA,NA,13.7,13.73,13.633,15.183,13
"lee_chih_kai","m","TPE",NA,NA,NA,NA,NA,12.8415,14.433,NA
"lee_daniel","m","JEY",14.25,NA,NA,12.775,12.65,13.8,12.175,13.0333333333333
"lee_dayeong","w","KOR",12.8433333333333,11.76625,12.0553333333333,11.7565,NA,NA,NA,NA
"lee_junghyo","m","KOR",NA,NA,NA,NA,12.766,13.166,13.0665,13.0165
"lee_junho","m","KOR",14.3553333333333,NA,NA,12.733,12.233,13.266,12.633,13.433
"lee_man_hin","m","HKG",13.3375,NA,NA,11.8,NA,NA,NA,NA
"lee_man_hin_frankie","m","HKG",13.374,NA,NA,11.333,NA,NA,NA,NA
"lee_sunisa","w","USA",14.4665,13.9643333333333,15,13.5665,NA,NA,NA,NA
"lee_yunseo","w","KOR",13.125,12.4015,13.72475,12.833,NA,NA,NA,NA
"leitner_madelen","w","NOR",NA,NA,NA,11.3,NA,NA,NA,NA
"lenberg_joakim","m","SWE",13.1333333333333,NA,NA,12.8663333333333,11.6886666666667,11.9666666666667,11.2995,11.922
"leon_milca","w","VEN",12.2166666666667,10.3165,12.0415,11.2666666666667,NA,NA,NA,NA
"levantesi_matteo","m","ITA",13.7553333333333,NA,NA,13.49975,12.8386666666667,14.4404444444444,12.944,13.108
"lewis_henry","m","GBR",12.5,NA,NA,12.65,10.65,12.3,11.25,12.2
"lewis_jamie","m","GBR",14.4,NA,NA,12.875,11.525,13.05,14.28325,13.6666666666667
"lewis_lucy","w","GBR",NA,11.9,11.5666666666667,11.65,NA,NA,NA,NA
"liaskinas_ernestas","m","LTU",12.633,NA,NA,10.7,NA,NA,10.733,NA
"lidbeck_filip","m","SWE",13.6915,NA,NA,13.2886666666667,NA,NA,NA,NA
"liew_jun_yi_zac","m","SGP",9.833,NA,NA,12.1,10.2,10.833,11.566,11.233
"lim_kaitlyn","w","SGP",NA,11.4,NA,11.05,NA,NA,NA,NA
"lima_ana_luiza","w","",NA,10.8,NA,NA,NA,NA,NA,NA
"lin_guan","m","TPE",13.66,NA,NA,13.2,12.933,10.866,12.5,13.966
"lin_guan_yi","m","TPE",14.2,NA,NA,10.366,10.133,13.366,13,13.9606666666667
"lin_yi","w","TPE",12.363,11.866,11.533,11.133,NA,NA,NA,NA
"lindsay_dixie","w","GBR",12.35,9.85,10.75,11.65,NA,NA,NA,NA
"lister_cameron","m","GBR",11.55,NA,NA,NA,NA,NA,NA,11.35
"listunova_viktoriia","w","ROC",14.3,13.866,14.766,13.2,NA,NA,NA,NA
"liu_yang","m","CHN",NA,NA,NA,NA,NA,NA,NA,15.3495
"liubimov_ilia","m","ISR",10.3125,NA,NA,12.6553333333333,12.488,13.1,13.106125,12.183
"llacer_maia","w","ESP",NA,NA,12.6,NA,NA,NA,NA,NA
"llacer_sirera_maia","w","ESP",12.698,11.1996666666667,12.4941666666667,12.174,NA,NA,NA,NA
"lloyd_jones_maisie","w","GBR",12.65,8.1,11.05,10.95,NA,NA,NA,NA
"lochhead_caitlin","w","GBR",12.1,10.8,8.85,11.65,NA,NA,NA,NA
"locmele_anna","w","LAT",11.833,9,6,9.466,NA,NA,NA,NA
"lodadio_marco","m","ITA",9.49433333333333,NA,NA,13.475,NA,NA,NA,14.59975
"logan_adam_guest","m","GBR",12.5165,NA,NA,NA,NA,NA,NA,NA
"loikas_sara","w","FIN",11.966,11.633,9.966,9.633,NA,NA,NA,NA
"loikas_sara_sofia","w","FIN",11.93,11.766,10.233,11.2,NA,NA,NA,NA
"loos_riley","m","USA",NA,NA,NA,13.7495,12.366,NA,13.4,14.05
"lopez_jose","m","PUR",13.2032,NA,NA,12.1553333333333,12.14575,12.7276666666667,11.372,12.629
"lopez_louise","w","MEX",NA,10.3,NA,11.4,NA,NA,NA,NA
"louon_noemie","w","BEL",12.7,12.883,12.933,NA,NA,NA,NA,NA
"loustalot_cassandra","w","MEX",12.558,11.8415,NA,12.7665,NA,NA,NA,NA
"lu_yufei","w","CHN",13.55,13.6165,14.1443333333333,12.7495,NA,NA,NA,NA
"lundqvist_wingren_malva","w","SWE",12.333,NA,NA,11.833,NA,NA,NA,NA
"luo_huan","w","CHN",13.0665,13.8976666666667,13.711,12.766,NA,NA,NA,NA
"luo_rui","w","CHN",NA,10.766,14.35,NA,NA,NA,NA,NA
"lynes_fraser_guest","m","GBR",NA,NA,NA,NA,NA,NA,NA,11.733
"lynn_cameron","m","GBR",11.9332857142857,NA,NA,12.6443333333333,12.56875,12.925,11.46,13.0166666666667
"macchiati_mario","m","ITA",9.08333333333333,NA,NA,13.1663333333333,13.058,14.2064,13.7276666666667,13.45
"macchini_carlo","m","ITA",NA,NA,NA,NA,14.173,NA,12.955,NA
"macias_sira","w","ARG",12.766,NA,12.733,12.033,NA,NA,NA,NA
"mader_jasmin","w","AUT",12.5665,11.5495,12.1663333333333,12.6665,NA,NA,NA,NA
"madsoe_julie","w","NOR",12.933,11.566,10.8,11.133,NA,NA,NA,NA
"maeda_koki","m","JPN",NA,NA,NA,NA,NA,14.45,13.933,13.533
"maekelae_sani","w","FIN",12.5996,10.9106666666667,11.2996666666667,11.983,NA,NA,NA,NA
"magalhaes_igor","m","CAY",12.85,NA,NA,10.275,10.8,11.625,8.6,7.475
"maggio_martina","w","ITA",13.9441666666667,13.0958888888889,13.2464,13.422,NA,NA,NA,NA
"magistrati_abigail","w","ARG",13.366,11.233,11.533,12.133,NA,NA,NA,NA
"mahmoud_jana","w","EGY",NA,11.2665,10.9993333333333,NA,NA,NA,NA,NA
"mai_liu_hsiang_han","w","TPE",12.266,11.766,11.733,12.166,NA,NA,NA,NA
"maia_luisa","w","BRA",6.5,11.7,NA,12.35,NA,NA,NA,NA
"makai_lilla","w","HUN",NA,12,10.9996666666667,11.5,NA,NA,NA,NA
"makovickova_patricie","w","CZE",12.491375,10.633,NA,10.8,NA,NA,NA,NA
"makovits_mirtill","w","HUN",12.1,11.833,13.016,11.933,NA,NA,NA,NA
"malewski_emma","w","GER",6.2,12.45,12.4,11.65,NA,NA,NA,NA
"malewski_emma_leonie","w","GER",12.966,13.0521428571429,12.913,12.555,NA,NA,NA,NA
"malone_brody","m","USA",10.89575,NA,NA,13.4495,14.1498,14.166,13.683,13.822
"mamenov_roman","m","",NA,NA,NA,NA,9.75,13.15,NA,12.3
"mamenov_roman","m","KAZ",NA,NA,NA,10.1,10.35,13.55,NA,12.75
"mandriota_veronica","w","ITA",13.7,NA,NA,12.933,NA,NA,NA,NA
"maneca_voinea_sabrina","w","ROU",12.7662857142857,12.344,10.783,13.533,NA,NA,NA,NA
"manser_violet","w","GBR",10.6,8.65,NA,10.1,NA,NA,NA,NA
"maracha_jea","m","GBR",12.95,NA,NA,NA,NA,NA,NA,NA
"maracha_jea","w","GBR",11.65,12.472,12.075,11.4,NA,NA,NA,NA
"maracha_jea_brittany","w","GBR",12.6,12,11.55,11.55,NA,NA,NA,NA
"maragkou_konstantina","w","GRE",NA,11.1,10.0665,11.3,NA,NA,NA,NA
"marc_razvan_denis","m","ROU",13.3886666666667,NA,NA,12.9443333333333,12.44975,13.4666666666667,11.84125,13.2415
"maresca_salvatore","m","ITA",NA,NA,NA,NA,NA,NA,NA,14.7
"mariano_arthur","m","",NA,NA,NA,13.783,14.058,NA,NA,NA
"mariano_arthur","m","BRA",13.9,NA,NA,14.1,14.416,12.4,12,NA
"marihuan_antonia","w","CHI",NA,8.466,10.833,NA,NA,NA,NA,NA
"marikova_lucie","w","CZE",NA,NA,11.133,NA,NA,NA,NA,NA
"marinov_hristos","m","BUL",NA,NA,NA,NA,NA,NA,NA,12.9
"marques_marcelo","m","POR",13,NA,NA,13.183,NA,NA,12.9883333333333,NA
"marshall_madeleine","w","GBR",12.4,11.5,10.6,11.45,NA,NA,NA,NA
"marshall_madeleine","w","NZL",11.7996666666667,11.144,NA,11.133,NA,NA,NA,NA
"martinez_andres","m","COL",13.425,NA,NA,13.1666666666667,12.6,12.825,12.8,12.25
"martinez_getsemary","w","VEN",11.6,9.7,10.6,11.3,NA,NA,NA,NA
"martinez_jose","m","COL",11.95,NA,NA,11.3,11.8,12.95,12.65,11.75
"martinez_leila","w","ARG",12.666,10.8,NA,12.1,NA,NA,NA,NA
"martinez_manuel","m","COL",12.733,NA,NA,12.833,12.433,12.966,12.1,11.566
"martinez_moreno_andres","m","COL",13.766,NA,NA,11.72475,12.883,12.9,11.0415,12
"martinez_victor","m","BEL",14.3995,NA,NA,13.144,12.072,13.333,12.9495,12.883
"martinez_victor","w","VEN",11.85,NA,NA,NA,NA,NA,NA,NA
"martins_filipa","w","POR",13.383,11.8064,12.5608333333333,12.683,NA,NA,NA,NA
"masferrer_laia","w","ESP",12.44,12.1995,11.489,11.7,NA,NA,NA,NA
"mason_stephens_clay","m","AUS",14.0943333333333,NA,NA,12.6832,12.87075,13.3666666666667,11.2833333333333,12.2625
"masonstephens_clay","m","AUS",14.2,NA,NA,13.866,12.7,12.633,11.766,12.833
"matiev_askhab","m","AUT",13.4773333333333,NA,NA,12.6776666666667,12.5996666666667,12.7666666666667,12.6553333333333,12.6106666666667
"matsumi_kazuki","m","JPN",NA,NA,NA,13.466,14.133,14.6995,12.866,13.733
"matthews_nola","w","USA",6.55,13.2,13.65,12.9,NA,NA,NA,NA
"mattis_china","w","JAM",11.8,9.975,7.05,9.7,NA,NA,NA,NA
"mattis_tyesha","w","JAM",12.875,11.1166666666667,12.7833333333333,10.95,NA,NA,NA,NA
"matyolo_nkazimlo","w","RSA",5.8335,NA,NA,10,NA,NA,NA,NA
"mayer_greta","w","HUN",13.078875,12.73275,10.8553333333333,11.6396,NA,NA,NA,NA
"mayol_santiago","m","ARG",13.733,NA,NA,13.233,12.5,13.3,12.733,11.1
"mc_ateer_ewan","m","IRL",13.866,NA,NA,12.4,12.2,12.166,11.733,11.933
"mc_callum","w","USA",14.533,13.066,14.1,13.466,NA,NA,NA,NA
"mc_clenaghan_rhys","m","IRL",NA,NA,NA,NA,NA,NA,14.6626666666667,NA
"mcclymont_matthew","m","GBR",13,NA,NA,12.1,12.05,11.35,10.65,10.35
"mcdonald_kate","w","AUS",NA,11.7,12.55,11.85,NA,NA,NA,NA
"mcgillivray_conor","m","AUS",13.3916666666667,NA,NA,13.075,NA,NA,NA,NA
"mclellan_euan","m","GBR",12.8,NA,NA,11.625,11.925,13.15,9.65,12.35
"meadow_abby","w","GBR",11.8,8.8,4.95,10.65,NA,NA,NA,NA
"medina_cobos_lorena","w","ESP",12.722,11.65,12.433,12.2165,NA,NA,NA,NA
"medina_lorena","w","ESP",12.7773333333333,11.8106666666667,NA,12.1886666666667,NA,NA,NA,NA
"medvedev_andrey","m","ISR",14.107,NA,NA,12.133,NA,NA,NA,12.744
"melke_elena","w","LAT",11.2,NA,NA,9.633,NA,NA,NA,NA
"melnikova_angelina","w","ROC",14.6161666666667,13.7165,14.2976666666667,14.042,NA,NA,NA,NA
"melnykov_mykyta","m","UKR",13.34075,NA,NA,11.75775,10.6245,12.8245,12.633,12.066
"mendes_maria","w","POR",11.633,11,NA,11.7,NA,NA,NA,NA
"mendes_nogueira_jose_pedro","m","POR",13.66,NA,NA,13.333,12.833,12.9,12.466,12.9
"mendez_ana_karina","w","PER",12.3,9.766,12.266,11.633,NA,NA,NA,NA
"menezes_maria","w","POR",12.833,9.333,9.466,11.433,NA,NA,NA,NA
"merdinyan_harutyun","m","ARM",NA,NA,NA,NA,NA,NA,14.3144444444444,NA
"mesa_angelica","w","COL",11.725,10.5,11.25,11.8,NA,NA,NA,NA
"mesiri_athanasia","w","GRE",12.811,12,10.5,12.033,NA,NA,NA,NA
"mesropian_meline","w","ARG",12.633,10.966,11.766,12.133,NA,NA,NA,NA
"meszaros_krisztofer","m","HUN",13.7624166666667,NA,NA,14.1240909090909,12.9248,14.143,13.4814,12.9592857142857
"metidji_hillal","m","ALG",NA,NA,NA,NA,NA,12.433,11.1996666666667,NA
"meuleman_casey_jane","w","",12.3995,12.2,NA,12.166,NA,NA,NA,NA
"mia_muhammad_khaalid","m","RSA",13.025,NA,NA,12.3,12.55,13.1,11.025,11.975
"micallef_sofia","w","GBR",12.8333333333333,11.9375,12,12.05,NA,NA,NA,NA
"mickevics_dmitrijs","m","LAT",NA,NA,NA,NA,NA,NA,13.1941666666667,NA
"mielle_silane","w","FRA",NA,11.822,12.283,12.84975,NA,NA,NA,NA
"miggitsch_martin","m","AUT",13.433,NA,NA,13.066,11.9,12.166,11.7,12.033
"miller_zoe","w","USA",6.95,12.9,14.7415,10.85,NA,NA,NA,NA
"millousi_vasiliki","w","GRE",NA,11.5,11.2495,NA,NA,NA,NA,NA
"minakovskaya_milana","w","AZE",11.5,8.683,10.366,11.233,NA,NA,NA,NA
"minami_kazuki","m","JPN",14.6398,NA,NA,14.13225,NA,NA,NA,NA
"mintcheva_paloma","w","BUL",12.9,9.333,12.566,12.566,NA,NA,NA,NA
"mir_nicolau","m","ESP",13.8476666666667,NA,NA,13.6738888888889,13.2064,13.7601111111111,11.833,12.4886666666667
"mirvaliev_abdulaziz","m","UZB",13.8663333333333,NA,NA,13.1773333333333,NA,NA,NA,13.0883333333333
"miwa_teppei","m","JPN",NA,NA,NA,11.066,NA,11.7,NA,13.2
"miyata_shoko","w","JPN",13.854,13.5108333333333,12.69125,13.4458,NA,NA,NA,NA
"modoianu_zseder_toma","m","ROU",NA,NA,NA,NA,12.033,NA,11.533,13.6165
"modoianu_zseder_toma_roland","m","ROU",NA,NA,NA,NA,12.733,NA,10.5165,13.4495
"moerz_alissa","w","AUT",NA,11.1,11.9663333333333,11.766,NA,NA,NA,NA
"moerz_charlize","w","AUT",12.693,11.2915,11.3883333333333,12.233,NA,NA,NA,NA
"mohamed_mandy","w","EGY",13.233,11.2,11.6,12.833,NA,NA,NA,NA
"mohamed_omar","m","EGY",12.7135,NA,NA,12.9264,11.8,13.366,12.866,13.783
"moiszi_chiara","w","GER",6.35,11.7,9.8,11.3,NA,NA,NA,NA
"moiszi_chiara_summer","w","GER",NA,11.3,NA,12.3,NA,NA,NA,NA
"mokosova_barbora","w","SVK",12.7995,12.075,12.8209090909091,12.483,NA,NA,NA,NA
"moldauer_yul","m","USA",7.375,NA,NA,14.3665,NA,14.3,12.95,13.8
"molloy_kate","w","IRL",12.1,10.333,10.1995,10.7,NA,NA,NA,NA
"molnar_botond","m","HUN",13.8202222222222,NA,NA,13.5048333333333,13.0165,13.416,12.4495,12.9495
"mondal_satyajit","m","IND",13.55,NA,NA,7.85,NA,NA,NA,NA
"montell_malla","w","FIN",12.1835,10.567,11.7835,11.8,NA,NA,NA,NA
"montell_malla_alexandra","w","FIN",12.2,10.1,10.733,11.633,NA,NA,NA,NA
"montgomery_eamon","m","IRL",NA,NA,NA,13.3107777777778,NA,NA,NA,NA
"montgomery_eamon","m","NIR",NA,NA,NA,13.708,NA,NA,NA,NA
"moore_jesse","m","AUS",13.55,NA,NA,12.325,14.15,13.9,13.5053333333333,12
"moore_mercedes_mary","w","GBR",12.6125,9.9,11.8,11.95,NA,NA,NA,NA
"moorhead_emily","w","IRL",NA,NA,8.266,10.9,NA,NA,NA,NA
"moors_brooklyn","w","CAN",14.2165,12.8665,13,13.5495,NA,NA,NA,NA
"morales_franciny","w","CRC",12.4776666666667,10.722,10.3,11.072,NA,NA,NA,NA
"mordenti_celeste","w","",NA,11.5,12.45,12.066,NA,NA,NA,NA
"mordenti_celeste","w","LUX",12.333,10.7886666666667,11.122,11.3326666666667,NA,NA,NA,NA
"moreno_alexa","w","MEX",14.2034444444444,11.4165,12.472,12.97075,NA,NA,NA,NA
"moreno_sergio","m","ESP",NA,NA,NA,NA,NA,NA,10.4,NA
"morgan_amelie","w","GBR",13.858,13.033,13.833,12.466,NA,NA,NA,NA
"morgan_finlay","m","GBR",13.75,NA,NA,12.35,11.75,11.25,11.2,11.975
"morgan_mali","w","GBR",12.5214285714286,12.4666666666667,11.8,12.05,NA,NA,NA,NA
"morgan_samuel","m","GBR",12.5,NA,NA,11.05,7.95,12.25,12.45,11.15
"morgans_mitchell","m","AUS",NA,NA,NA,NA,13.1665454545455,13.2447,NA,11.258
"mori_aoka","w","JPN",NA,12.633,12.9,NA,NA,NA,NA,NA
"mori_lara","w","ITA",NA,12.133,NA,13.4,NA,NA,NA,NA
"moriano_rudi","m","GBR",9.9875,NA,NA,12.2,12.55,12,9.2,10.5
"moring_liliana","w","GBR",11.7,10.8,NA,10.4,NA,NA,NA,NA
"moroney_paige","w","GBR",11.6,11.2,10.6,12,NA,NA,NA,NA
"mostowfi_sam","m","GBR",13.7,NA,NA,13.4451428571429,12.1732,12.7276666666667,11.625,12.6
"mozzato_nicolo","m","ITA",NA,NA,NA,NA,11.2,13.9665,12.333,NA
"mueangphuan_sasiwimon","w","THA",11.4,11.266,10.2,12.033,NA,NA,NA,NA
"muller_moritz_tom","m","GER",13.73,NA,NA,12.433,NA,NA,NA,12.633
"munck_loran","m","NED",NA,NA,NA,NA,NA,13.766,14.183,13.166
"munck_loran_de","m","",NA,NA,NA,NA,NA,13.25,13.35,NA
"muntean_andrei_vasile","m","ROU",14.0886666666667,NA,NA,12.93325,12.8,14.422,NA,13.6886666666667
"murakami_mai","w","JPN",14.47475,13.616,12.933,14.031,NA,NA,NA,NA
"myakinin_alexander","m","ISR",NA,NA,NA,NA,13.5120666666667,12.233,13.07275,NA
"müller_janoah","w","GER",6.575,11.4,11.15,11.1,NA,NA,NA,NA
"najjar_lais","m","SYR",13.5,NA,NA,13.266,11.466,13.333,12.533,12
"napier_garcelle","w","RSA",12.222,NA,11.2165,11.8415,NA,NA,NA,NA
"nasser_abderrazak","m","MAR",13.7,NA,NA,12.466,11.5165,11.7665,11.633,12.033
"nataraj_ruthuja","m","IND",12.3,NA,NA,NA,NA,NA,NA,NA
"nataraj_ruthuja","w","IND",12.95,10.8,10.975,10.225,NA,NA,NA,NA
"nathan_joshua","m","GBR",14.1375,NA,NA,13.4915,13.118625,13.316625,13.158125,13.02475
"nathan_nadine_joy","m","SGP",12.7,NA,NA,NA,NA,NA,NA,NA
"nathan_nadine_joy","w","SGP",12.42475,10.672,11.35,11.45,NA,NA,NA,NA
"navas_boyd_karla","w","PAN",12.275,NA,NA,NA,NA,NA,NA,NA
"navas_boyd_karla_andrea","w","PAN",13.3,12,12.9,11.975,NA,NA,NA,NA
"navas_karla","w","PAN",13.066,8.833,11.066,12.133,NA,NA,NA,NA
"nayak_pranati","m","IND",13.6,NA,NA,NA,NA,NA,NA,NA
"nayak_pranati","w","IND",12.6164,9.94433333333333,9.09433333333333,10.1415,NA,NA,NA,NA
"nedoroscik_stephen","m","USA",NA,NA,NA,NA,NA,NA,14.8165,NA
"nekrasova_marina","w","AZE",12.822,12.266,10.833,12,NA,NA,NA,NA
"nelson_kameron","m","USA",14.183,NA,NA,12.6,NA,NA,NA,NA
"nelson_laura","w","GBR",12.6166666666667,9.825,10.1,11,NA,NA,NA,NA
"nematov_rustambek","m","UZB",13.163,NA,NA,11.1,12.166,12.433,11.166,11.9
"nemcovic_matej","m","SVK",12.9495,NA,NA,12.072,10.9665,12.233,11.7776666666667,12.8886666666667
"netzer_ofir","w","ISR",13.04125,9.2165,11.733,11.783,NA,NA,NA,NA
"neurauter_mali","w","NOR",11.9553333333333,11.6883333333333,10.3996666666667,11.966,NA,NA,NA,NA
"newman_achee_annalise","w","TTO",12.975,11.05,10.675,11.1,NA,NA,NA,NA
"newman_achee_annalise_becca","w","TTO",13,10.333,8.566,11.7,NA,NA,NA,NA
"ng_ka_ki","m","HKG",13.75825,NA,NA,NA,NA,NA,NA,NA
"nguyen_van_khanh_phong","m","VIE",NA,NA,NA,NA,NA,NA,NA,14.18275
"nieminen_viivi","w","FIN",12.30825,7.933,10.4,11,NA,NA,NA,NA
"nin_audrys","m","DOM",14.2375,NA,NA,11.725,13.0166666666667,13.2666666666667,12.7,12.275
"nin_reyes_audrys","m","DOM",13.8495,NA,NA,NA,NA,12.766,11.783,NA
"nogueira_jose","m","POR",13.6886666666667,NA,NA,12.94975,12.52475,12.26625,12.191,12.422
"noordzij_bradley","m","NED",NA,NA,NA,NA,NA,NA,10.5,12.3
"normann_camille","w","DEN",NA,10.166,10.266,9.133,NA,NA,NA,NA
"nourishourakchali_","m","IRI",NA,NA,NA,NA,NA,NA,11.866,NA
"nunez_isaac","m","MEX",13.7166666666667,NA,NA,12.5886666666667,11.5198,13.7246666666667,12.779,12.3
"o_driscol_aberdeen","w","BEL",6.475,10.1,NA,12.85,NA,NA,NA,NA
"o_driscoll_aberdeen","w","BEL",13.133,NA,NA,12.833,NA,NA,NA,NA
"o_flaherty_sophie","w","GBR",NA,NA,11.8,NA,NA,NA,NA,NA
"o_hara_milli_de","w","GBR",11.6,10.05,11.25,11.25,NA,NA,NA,NA
"ochana_theo_amari","m","GBR",13.2,NA,NA,12.75,11.15,11.025,11.625,12.475
"oconnell_inns_jorden","m","NZL",NA,NA,NA,NA,10.6,12.55,13.2,NA
"ojala_rosanna","w","FIN",NA,NA,9.9495,NA,NA,NA,NA,NA
"okamura_mana","w","JPN",NA,13.8995,12.3,NA,NA,NA,NA,NA
"olafsson_dagur","m","",NA,NA,NA,NA,NA,13.3,13.15,NA
"olafsson_dagur_kari","m","ISL",13.4,NA,NA,11.766,12.633,13,12.933,11.833
"olenova_arina","w","LAT",11.983,9.366,8.616,11.233,NA,NA,NA,NA
"olfati_mahdi","m","IRI",14.4273333333333,NA,NA,NA,NA,NA,NA,NA
"oliveira_lorrane","w","",NA,11.066,13.083,11.4,NA,NA,NA,NA
"oliveira_lorrane","w","BRA",12.666,NA,13.233,NA,NA,NA,NA,NA
"olsen_shallon","w","CAN",14.693,12.066,11.9,13.033,NA,NA,NA,NA
"onder_ahmet","m","TUR",14.0331666666667,NA,NA,13.5315,12.712125,13.491375,11.8996,13.09975
"onoshima_takumi","m","BEL",13.7883333333333,NA,NA,13.6455,12.8495,13.533,11.32475,12.955
"orrego_ariana","w","PER",13.433,12.066,9.433,12.066,NA,NA,NA,NA
"osberger_benjamin","m","FRA",13.644,NA,NA,13.924,NA,NA,14.083,13.1
"osipova_valeriia","w","UKR",12.9495,11.483,11.5665,12.266,NA,NA,NA,NA
"osyssek_morgane","w","FRA",10.7943333333333,13.1,11.8915,13.05,NA,NA,NA,NA
"osyssek_reimer_morgane","w","FRA",12.9866,12.41625,11.2663333333333,12.793,NA,NA,NA,NA
"otreshko_volodymyr","m","SVK",13.466,NA,NA,11.433,10.916,12.7163333333333,12.411,12.2665
"ou_yushan","w","CHN",13.02325,13.9178571428571,13.773,13.665,NA,NA,NA,NA
"owen_ryan","m","GBR",13.525,NA,NA,12.55,12.25,11.95,6.65,11.6
"pagoni_areti_paraskevi","w","GRE",11.733,10.31625,10.64125,11.37475,NA,NA,NA,NA
"pakhniuk_petro","m","UKR",14.466,NA,NA,12.6,13.333,13,11.733,12.733
"palicka_katrin","w","AUT",NA,8.933,11.267,12,NA,NA,NA,NA
"palmroth_patrick_harri_aaron","m","FIN",13.2815,NA,NA,13,12.4,12.333,11.433,12
"parente_mariana","w","POR",12.2443333333333,10.97475,10.89125,11.41625,NA,NA,NA,NA
"pascucci_osiroff_faustina","w","ARG",10.75,10.066,11,11.233,NA,NA,NA,NA
"pass_ruby","w","AUS",NA,12.133,12.9663333333333,12.51625,NA,NA,NA,NA
"patanin_dmitriy","m","KAZ",13.2424285714286,NA,NA,13.6486666666667,10.9665,12.9495,NA,12.8198
"patrick_ellie","w","GBR",12.25,11.9,12.05,11.85,NA,NA,NA,NA
"patron_stefano","m","ITA",13.83,NA,NA,13.166,13.466,13.733,11.366,NA
"paulino_lopez_lucia","w","PAN",11.2,10,NA,NA,NA,NA,NA,NA
"paulsson_tonya","w","SWE",13.09125,12.0262,12.8594,11.9064,NA,NA,NA,NA
"pead_meghan","w","RSA",NA,11.4,10.966,11.366,NA,NA,NA,NA
"pedrick_denelle","w","",12.97475,11.9,12.433,13.1,NA,NA,NA,NA
"pedrick_denelle","w","CAN",13.033,11.7,NA,12.9,NA,NA,NA,NA
"pedro_carolyne","w","BRA",8.64433333333333,11.775,12.075,12.4165,NA,NA,NA,NA
"pegoli_macy","w","AUS",6.625,12.35,11.95,11.65,NA,NA,NA,NA
"pena_leandro","m","DOM",13.2832,NA,NA,12.2386666666667,12.1625,12.5886666666667,9.77766666666667,12.0333333333333
"pena_yamilet","w","DOM",13.6166666666667,10.25,9.15,10.75,NA,NA,NA,NA
"penev_eddie","m","",14,NA,NA,14.225,NA,NA,NA,NA
"penev_eddie","m","BUL",14.266,NA,NA,13.6976666666667,13.1915,NA,10.45,NA
"penev_kevin","m","",NA,NA,NA,13.3,NA,NA,13.1,NA
"penev_kevin","m","BUL",13.9,NA,NA,12.708,12.233,11.866,12.1,12.9
"pengkerego_ravenscroft_leasha","w","GBR",12.4666666666667,10.75,10.8,11.6,NA,NA,NA,NA
"perea_alais","w","ECU",12.666,11.4,10.9,11.8,NA,NA,NA,NA
"perera_isuamy","w","CUB",12.425,11.1,11.425,10.8,NA,NA,NA,NA
"perez_alberto","m","CRC",NA,NA,NA,NA,10.15,11.6,8.4,10.55
"perez_ana","w","ESP",NA,12.911,12.4665,12.166,NA,NA,NA,NA
"perez_andres","m","PUR",13.375,NA,NA,12.85,12.5833333333333,12.85,11.7833333333333,11.9
"perez_pablo","m","PUR",13.55,NA,NA,12.75,NA,NA,NA,11.8
"perillo_zachary","m","AUS",NA,NA,NA,NA,NA,NA,NA,13.47075
"perryment_mia","w","GBR",12.1875,10.975,10.275,11.05,NA,NA,NA,NA
"peterkova_klara","w","CZE",12.2,11.155,10.8886666666667,11.5663333333333,NA,NA,NA,NA
"petersen_freja","w","DEN",11.683,11.3165,10.483,10.933,NA,NA,NA,NA
"petisco_alba","w","ESP",13.0034444444444,12.4165,12.973,12.7712857142857,NA,NA,NA,NA
"petit_sheyen","w","FRA",6.15,12.5,13.1,NA,NA,NA,NA,NA
"petrounias_eleftherios","m","GRE",NA,NA,NA,NA,NA,NA,NA,14.752
"petrov_matvei","m","",NA,NA,NA,NA,NA,NA,13.975,NA
"petrov_matvei","m","ALB",NA,NA,NA,NA,NA,NA,14.148,NA
"petrova_marija","w","LAT",11.9,8.833,7.633,11.2,NA,NA,NA,NA
"pfeil_amelie","w","GER",6.225,NA,12.05,11,NA,NA,NA,NA
"pfyl_marco","m","SUI",13.663,NA,NA,12.4165,12.144,13.4553333333333,12.5,12.933
"pham_nhu_phuong","w","VIE",NA,9.633,NA,NA,NA,NA,NA,NA
"philippe_mathias","m","FRA",NA,NA,NA,13.183,13.183,13.54975,NA,13.4796
"phillips_curran","m","USA",NA,NA,NA,NA,13.633,15,NA,NA
"pierazzini_viola","w","ITA",NA,12.7495,NA,11.466,NA,NA,NA,NA
"pihan_kulesza_marta","w","POL",NA,12,NA,NA,NA,NA,NA,NA
"pilakouris_sokratis","m","CYP",12.933,NA,NA,11.95,NA,11.2,NA,14.2848888888889
"pinder_erin","w","BAR",NA,6.8,7.5,8.35,NA,NA,NA,NA
"pinxten_erika","w","BEL",5.875,12.8495,11.3553333333333,11.85,NA,NA,NA,NA
"plata_joel","m","ESP",14.252,NA,NA,13.9198,13.3941666666667,13.7883333333333,12.54975,13.283
"plate_ricards","m","",13.3,NA,NA,13.3,12.3,12.65,11.1,12.05
"plate_ricards","m","LAT",12.8841111111111,NA,NA,12.4106666666667,11.8163333333333,12.513,11.2852857142857,11.971
"poghosyan_mane","w","",11.183,10.466,10.033,11.4,NA,NA,NA,NA
"poh_shandy","w","SGP",NA,9.2,9.95,10.3,NA,NA,NA,NA
"pol_vera","w","NED",NA,11.6,13.133,12.9,NA,NA,NA,NA
"polanco_jabiel","m","DOM",13.5927142857143,NA,NA,NA,NA,NA,NA,11.825
"ponce_angelissa","w","CUB",11.75,9.95,NA,11.9,NA,NA,NA,NA
"ponizilova_dominika","w","CZE",12.445625,11.9996666666667,11.358,12.0745,NA,NA,NA,NA
"pontedura_murilo","m","BRA",6.85,NA,NA,11,12.85,13,13.3,NA
"popa_roxana","w","ESP",14.45,12.283,13.25,12.833,NA,NA,NA,NA
"pospisil_martin","m","CZE",12.933,NA,NA,12.666,11.333,12.333,NA,11.9
"pozo_pablo","m","CUB",12.975,NA,NA,12.7,12.6166666666667,13.85,11.15,11.95
"pratley_kacey","w","GBR",12,10.4,11.675,11.7,NA,NA,NA,NA
"preda_andreea","w","ROU",12.7,12.1773333333333,11.383,12.2996666666667,NA,NA,NA,NA
"print_owen","m","GBR",14.03325,NA,NA,12.375,11.85,12,8.75,12.9
"prügel_leonard","m","GER",6.55,NA,NA,NA,11.55,13.75,12.8,NA
"pyatov_ron","m","ISR",NA,NA,NA,NA,11,10.966,NA,12.8
"qiu_qiyuan","w","CHN",NA,12.733,13.96625,NA,NA,NA,NA,NA
"quaas_lea","w","GER",6.475,12,12.3,11.85,NA,NA,NA,NA
"quaas_lea_marie","w","GER",13.133,11.3666666666667,12.7,11.9996666666667,NA,NA,NA,NA
"quistas_achraf","m","MAR",13.383,NA,NA,11.633,NA,9.866,9.066,NA
"rabic_liam","m","CRO",NA,NA,NA,NA,NA,NA,11.466,NA
"radivilov_igor","m","UKR",14.573,NA,NA,12.966,NA,NA,NA,14.2521428571429
"radkov_rayan","m","BUL",NA,NA,NA,NA,12.266,11.733,13.3,NA
"radovesnicky_daniel","m","CZE",13.066,NA,NA,11.7,12.366,12.8,10.5,11.7
"rafi_abu_saeed","m","BAN",12.45,NA,NA,10.05,NA,5.9,7,3
"rakan_al_harith","m","QAT",NA,NA,NA,NA,NA,NA,12.69975,NA
"ramdhany_trisna","m","INA",11.833,NA,NA,11.766,NA,9.266,NA,10.4
"ramirez_jeordy","m","DOM",NA,NA,NA,12.5,11.35,12.875,10.35,11.15
"rampersad_jayson","m","CAN",NA,NA,NA,10.45,NA,NA,13.625,NA
"rampono_kirsten","w","RSA",11.483,NA,10.367,NA,NA,NA,NA,NA
"ramsahai_yazz","m","",NA,NA,NA,13.2,6.05,NA,NA,12.25
"ramsahai_yazz","m","NED",14.35,NA,NA,12.983,11.2995,NA,11.3,12.7
"randegger_tim","m","SUI",14.16,NA,NA,13.666,NA,NA,12.8,NA
"rankoe_mammule","w","RSA",NA,11.95,10.9,NA,NA,NA,NA,NA
"raposo_clara","w","",NA,12.333,11.7,12.633,NA,NA,NA,NA
"rasmussen_camille","w","DEN",13.1746875,11.5662,11.855,12.3443333333333,NA,NA,NA,NA
"ratobilska_valerija","w","",11.566,9.366,NA,9.9,NA,NA,NA,NA
"ratobilska_valerija","w","LAT",11.8666666666667,10.491,10.233,11.59125,NA,NA,NA,NA
"raubal_ian_michael","m","SUI",13.73,NA,NA,13.316,13.2995,13.983,12.3665,13.583
"raya_i_artigas_paula","w","ESP",NA,NA,12.583,NA,NA,NA,NA,NA
"raya_paula","w","ESP",12.766,11.033,10.566,12.566,NA,NA,NA,NA
"raz_lihie","w","ISR",13.026875,11.3617142857143,11.372,12.5,NA,NA,NA,NA
"regini_moran_giarnni","m","GBR",14.3925714285714,NA,NA,14.1107777777778,10.85825,14.5107777777778,13.2386666666667,NA
"reid_michael","m","JAM",NA,NA,NA,NA,NA,13.35,11.05,NA
"reinhardsson_valgard","m","",NA,NA,NA,NA,11.2,12.85,NA,NA
"reinhardsson_valgard","m","ISL",13.822,NA,NA,12.533,12.1883333333333,12.411,11.5883333333333,12.3886666666667
"reinhardt_dietmar","m","ESP",NA,NA,NA,NA,12.2333333333333,13.15,12.7053333333333,12.6
"rezagui_malek","w","ALG",6.1665,NA,NA,11.033,NA,NA,NA,NA
"richard_frederick","m","USA",14.1625,NA,NA,13.9163333333333,13.93325,13.94975,13.722,13.6495
"richards_danyella","m","JAM",12.3,NA,NA,NA,NA,NA,NA,NA
"richards_danyella","w","JAM",NA,10.25,9.9,11.15,NA,NA,NA,NA
"rifa_oriol","m","ESP",12.4,NA,NA,12.666,12.5,10.2995,9.583,11.4665
"roberson_joscelyn","w","USA",14.03925,12.8553333333333,12.2,13.804,NA,NA,NA,NA
"roberts_thomas","m","GBR",12.5,NA,NA,NA,12.55,12.25,7.6,12.2
"robinson_bailey_remell","m","GBR",13.725,NA,NA,9.9,12.6,NA,11.45,12.7
"robinson_ella","w","GBR",12,11.225,9.525,11.375,NA,NA,NA,NA
"robinson_lucy","w","GBR",11.55,9.05,9.3,10.2,NA,NA,NA,NA
"rodriguez_anelena","w","CRC",12.5,11.15,12.05,11.35,NA,NA,NA,NA
"rodriguez_rachel","w","CRC",12.225,11.225,12.125,11.175,NA,NA,NA,NA
"roenbeck_marie","w","NOR",12.5,11.5165,11.466,11.84975,NA,NA,NA,NA
"rojo_javier","m","MEX",12.6495,NA,NA,12.433,12.366,NA,11.066,12.2
"rolin_edward","m","VEN",13.6,NA,NA,12.55,11.2,12.95,11.4,12.1166666666667
"rolston_larking_keira","w","NZL",11.733,10.966,10.833,11.833,NA,NA,NA,NA
"rooskrantz_caitlin","m","RSA",12.95,NA,NA,NA,NA,NA,NA,NA
"rooskrantz_caitlin","w","RSA",12.75,11.3625,13.0666,12.20825,NA,NA,NA,NA
"roper_abigail","w","GBR",12.6666666666667,11.525,10.725,11.575,NA,NA,NA,NA
"roper_emily","w","GBR",12.96875,11.8,11.75,12.325,NA,NA,NA,NA
"ross_emma","w","AUS",NA,11.383,9.233,12.4663333333333,NA,NA,NA,NA
"ruano_paola","w","ESA",12.175,11.525,11.05,11.425,NA,NA,NA,NA
"rudy_ricardo","m","AUT",13.7315,NA,NA,12.8396,10.933,12.56625,12.5305714285714,12.6165
"ruiter_eve","w","NED",13,11.233,NA,11.9,NA,NA,NA,NA
"ruiz_rodriguez_cinthia","w","MEX",12.5165,NA,12.833,NA,NA,NA,NA,NA
"ruiz_sanchez_pablo","m","ESP",6.675,NA,NA,10.95,12.3,11,12.3,4.9
"rumbutis_david","m","SWE",13.9386666666667,NA,NA,12.6495,12.7773333333333,13.5773333333333,12.4216666666667,12.7495
"rushton_hayley","w","GBR",11.65,11.35,10.8,11.3,NA,NA,NA,NA
"russell_ellie","w","GBR",12.45,NA,11.85,11.8,NA,NA,NA,NA
"rutter_kurtis","m","GBR",12.95,NA,NA,10.8,8.5,11,7.45,12.15
"rutty_raegan","w","CAY",12.133,8.2415,8.533,10.633,NA,NA,NA,NA
"ryan_megan","w","IRL",13.2,10.433,11.533,12,NA,NA,NA,NA
"ryu_sunghyun","m","KOR",14.322,NA,NA,14.193,13.511,14.02375,12.6886666666667,13.5663333333333
"sabic_nina","w","",12.266,NA,NA,NA,NA,NA,NA,NA
"sabic_nina","w","SRB",11.9415,9.266,9.933,10.533,NA,NA,NA,NA
"saefken_mika_tom","m","GER",NA,NA,NA,NA,12.8,13.066,11.133,NA
"safarov_mansum","m","AZE",12.466,NA,NA,12.8,11.366,11.7,8.866,11.9
"safken_finja","w","GER",12.3,NA,NA,11,NA,NA,NA,NA
"sahin_ilayda","w","TUR",12.4553333333333,10.866,12.1495,11.5995,NA,NA,NA,NA
"sakaguchi_ayaka","w","JPN",13.6318,13.3151666666667,12.65825,12.9823333333333,NA,NA,NA,NA
"saladino_leo","m","FRA",12.6481,NA,NA,13.5856666666667,12.4468333333333,13.9968333333333,12.3496666666667,13.397
"salama_jasmin","w","EGY",NA,NA,NA,11.633,NA,NA,NA,NA
"salem_lahna","w","ALG",12.033,10.4995,10.3995,10.733,NA,NA,NA,NA
"saleur_julien","m","FRA",14.066,NA,NA,13.1,12.916,13.733,13.483,NA
"salimov_assan","m","",13.84975,NA,NA,11.05,NA,NA,NA,11.6
"salimov_assan","m","KAZ",13.025,NA,NA,NA,NA,NA,NA,10.65
"salmina_deborah","w","VEN",12.775,11.1,12.025,12.4166666666667,NA,NA,NA,NA
"samanta_protistha","w","IND",12.011,NA,NA,NA,NA,NA,NA,NA
"sambolec_marko","m","CRO",NA,NA,NA,NA,NA,NA,13.3684,NA
"sandoval_afanador_javier","m","COL",NA,NA,NA,NA,13.133,12.466,13.2,NA
"sandoval_ahtziri","w","MEX",13.2498,10.5,12.95,12.1415,NA,NA,NA,NA
"santi_franchesca","w","CHI",12.9995,8.833,10.333,12.2,NA,NA,NA,NA
"saporita_sofia","w","GBR",11.6,11.45,9.6,9.3,NA,NA,NA,NA
"saraiva_flavia","w","BRA",13.833,13.332,13.2,13.133,NA,NA,NA,NA
"sarrugerio_marco","m","ITA",NA,NA,NA,NA,12.8,14.044,11.4915,14.122
"sasnal_filip","m","POL",13.524625,NA,NA,12.67475,9.5995,12.66625,10.52475,12.108
"sasnal_gabriela","w","POL",13.522,12.433,12.966,11.933,NA,NA,NA,NA
"saucedo_rocio","w","ARG",12.8,11.833,12.133,12.633,NA,NA,NA,NA
"sauve_leandre","m","CAN",13.325,NA,NA,13.25,NA,NA,NA,NA
"savelieva_diana","w","UKR",NA,9.53333333333333,NA,11.6773333333333,NA,NA,NA,NA
"savranbasi_nazli","w","TUR",12.9,11.0165,11.133,11.933,NA,NA,NA,NA
"sawant_vedant","m","AUS",NA,NA,NA,NA,NA,NA,13.6464,NA
"sayer_kate","w","AUS",6.625,NA,12.1,12.15,NA,NA,NA,NA
"schaefer_betz_pauline","w","GER",13.933,13.2062,11.933,12.66625,NA,NA,NA,NA
"scheder_sophie_celina","w","GER",NA,9.333,13.583,NA,NA,NA,NA,NA
"schlegel_jessica","w","GER",NA,13.4415,11.8,NA,NA,NA,NA,NA
"schmidt_casimir","m","NED",13.983,NA,NA,13.5221666666667,13.2663333333333,13.595,12.9471666666667,13.876
"schoenmaier_karina","w","GER",13.233,11.7995,12.4165,12.583,NA,NA,NA,NA
"schonmaier_karina","w","GER",13.08325,12.1,NA,12.15,NA,NA,NA,NA
"schultze_tom","m","GER",13.7435,NA,NA,11.85,NA,NA,NA,13.529
"schwaninger_berta","w","AUT",12.7,NA,NA,NA,NA,NA,NA,NA
"scott_breanna","w","AUS",13.333,12.35375,NA,12.2398,NA,NA,NA,NA
"scrivens_iwan","m","GBR",12.95,NA,NA,10.3,11.65,11.8,12.5,10.2
"sedhane_rihab_sidra","w","ALG",NA,NA,10.4,NA,NA,NA,NA,NA
"seifert_noe","m","SUI",13.9128,NA,NA,13.5441666666667,13.5998333333333,13.8941666666667,13.1928,13.0996
"seifert_noe_samuel","m","SUI",6.875,NA,NA,14.05,13.65,13.9,12.2,13.5
"seitz_elisabeth","w","GER",13.6163333333333,11.8553333333333,14.1720833333333,12.683,NA,NA,NA,NA
"seligman_robert","m","CRO",NA,NA,NA,NA,NA,NA,13.766,NA
"sener_kerem","m","TUR",11.0443333333333,NA,NA,12.087,12.833,13.133,10.8776666666667,13.4662
"seo_jungwon","m","KOR",14.16,NA,NA,13.1,NA,13.166,13.233,13.766
"serhani_samir","m","SUI",13.6665,NA,NA,13.1495,13.0553333333333,13.383,12.2496666666667,13.833
"serhani_taha","m","SUI",9.14433333333333,NA,NA,13.6163333333333,13.608,14.204,11.961,NA
"serita_mikako","w","JPN",12.2165,NA,13.433,NA,NA,NA,NA,NA
"sfiringu_silviana","w","ROU",12.866,12.533,11.133,10.066,NA,NA,NA,NA
"shalit_noga","w","ISR",12.266,10.466,NA,11.5,NA,NA,NA,NA
"shamshitdinova_ayazhan","w","KAZ",NA,9.6,10.066,NA,NA,NA,NA,NA
"sharaf_zeina","w","EGY",12.983,11.9216666666667,12.25,11.8,NA,NA,NA,NA
"shek_wai_hung","m","HKG",14.4425,NA,NA,NA,NA,NA,NA,NA
"shepherd_maggie_may","w","GBR",12.35,10.3,9.15,11.3,NA,NA,NA,NA
"shi_cong","m","CHN",14.0995,NA,NA,13.8495,14.7553333333333,14.683,14.0665,14.383
"shiao_yu","m","TPE",NA,NA,NA,NA,12.833,12.533,14.465,12.633
"shiao_yu_jan","m","TPE",NA,NA,NA,NA,NA,11.866,14.1828333333333,NA
"shin_solyi","w","KOR",NA,NA,12.8,NA,NA,NA,NA,NA
"siegenthaler_stefanie","w","SUI",12.166,7.633,12.833,11.983,NA,NA,NA,NA
"siikala_adeliina","w","FIN",12.6835,10.8,6.533,11.133,NA,NA,NA,NA
"silva_josiany","w","BRA",NA,11.65,12.75,NA,NA,NA,NA,NA
"simm_kelly","w","GBR",12.75,10.9,12.7,12.875,NA,NA,NA,NA
"simonov_nikita","m","AZE",NA,NA,NA,NA,12.833,11.666,NA,14.6327142857143
"singh_yogeshwar","m","IND",13.1915,NA,NA,11.6776666666667,12.6886666666667,13.022,12.1553333333333,12.111
"sinivuori_niila","m","FIN",NA,NA,NA,10.45,NA,NA,NA,NA
"sissakis_dario","m","GER",13.65175,NA,NA,12.7166666666667,9.6,12.4165,NA,12.872
"sitchinava_bidzina","m","GEO",13.1665,NA,NA,11.7165,11.3862,12.2996666666667,11.4464,12.133
"skalska_kaja","w","POL",11.8216666666667,11.116,10.933,10.683,NA,NA,NA,NA
"skhiladze_levan","m","GEO",NA,NA,NA,NA,11.7165,11.7773333333333,12.511,12.7996666666667
"skinner_hayden","m","GBR",13.7378571428571,NA,NA,13.3032,NA,NA,12.5,NA
"skinner_mykayla","w","USA",14.8998,13.233,13.666,13.566,NA,NA,NA,NA
"skirkey_ian","m","USA",NA,NA,NA,NA,NA,NA,14.1663333333333,NA
"skogvang_peder","m","NOR",14,NA,NA,13.516,12.733,NA,11.866,12.366
"skogvang_peder_funderud","m","NOR",13.366,NA,NA,12.933,12.566,NA,NA,12.1
"slevin_emma","w","IRL",12.922,11.4915,11.233,11.483,NA,NA,NA,NA
"sliz_radomir","m","CZE",NA,NA,NA,NA,NA,NA,13.6187142857143,NA
"slooff_floor","w","",12.7495,NA,12.1,12.7995,NA,NA,NA,NA
"slooff_floor","w","NED",12.4495,12.233,NA,11.566,NA,NA,NA,NA
"smet_liam_de","m","BEL",NA,NA,NA,NA,NA,NA,NA,13.4
"smith_kiplin","m","AUS",12.9,NA,NA,NA,11.35,NA,11.8666666666667,NA
"smith_kiplin_morrish","m","AUS",12.933,NA,NA,10.866,12.766,NA,11.733,NA
"smith_lachlan_robert","m","AUS",NA,NA,NA,NA,12.4,12.233,11.933,12.266
"smith_lottie","w","GBR",12.4,11.6,11.775,11.85,NA,NA,NA,NA
"smyllie_daniel","m","GBR",12.3,NA,NA,10.4,10.45,NA,0.05,9.85
"soares_diogo","m","BRA",14.183,NA,NA,13.116,13.916,13.2665,13.4995,12.983
"soares_julia","w","BRA",6.375,12.7163333333333,12.05,13.172,NA,NA,NA,NA
"sobral_lia","w","POR",12.066,8.733,10.633,11.7,NA,NA,NA,NA
"soerensen_josephine","w","DEN",11.733,10.2,NA,11.3,NA,NA,NA,NA
"sonezaki_shizuku","w","JPN",12.4165,NA,NA,11.833,NA,NA,NA,NA
"sons_sanchez_oliver","m","BOL",NA,NA,NA,12,10.166,11.633,8.933,11.733
"soravuo_emil","m","FIN",NA,NA,NA,14.133,NA,NA,NA,NA
"souza_bitencourt_lucas","m","BRA",NA,NA,NA,NA,13.833,11.733,11.9,12.766
"souza_caio","m","BRA",14.393625,NA,NA,13.666,14.104,14.15375,12.994,13.93325
"speers_lara","w","GBR",12.5,9.5,10.8,10.85,NA,NA,NA,NA
"spence_emma","m","CAN",13.4,NA,NA,NA,NA,NA,NA,NA
"spence_emma","w","CAN",13.03325,12.69975,12.75825,12.8386666666667,NA,NA,NA,NA
"sponevik_sebastian","m","NOR",14.179,NA,NA,12.1,NA,12.172,12.208,12.2915
"spyckerelle_senne","m","BEL",NA,NA,NA,NA,11.95,9.25,11.85,NA
"srbic_tin","m","CRO",NA,NA,NA,NA,13.786,NA,NA,NA
"staahl_maya","w","SWE",NA,9.5,NA,11.7,NA,NA,NA,NA
"stacey_ruby","w","GBR",12.4864,12.3,11.4915,12.2995,NA,NA,NA,NA
"stanley_jack","m","GBR",NA,NA,NA,NA,NA,NA,12.9,NA
"steele_adam","m","IRL",13.7,NA,NA,13,12.4,12.4,13.555,12
"stefanovic_tara","w","",12.133,4.8,NA,9.8,NA,NA,NA,NA
"stefanovic_tara","w","SRB",12.083,4.966,NA,10.233,NA,NA,NA,NA
"steingruber_giulia","w","SUI",14.69975,12.5,12.8,13.3165,NA,NA,NA,NA
"stelmakh_radomyr","m","",NA,NA,NA,13.7415,10.55,13.3,13.633,NA
"stelmakh_radomyr","m","UKR",13.066,NA,NA,12.466,13.233,12.5,12.8,13
"stenberg_marcus","m","SWE",13.2,NA,NA,12.533,12.433,12.9,11.966,12.8
"stene_nore","m","NOR",13.2495,NA,NA,12.3495,9.666,11.333,10.933,NA
"stewart_ava","w","CAN",10.1166,11.083,12.8165,12.35,NA,NA,NA,NA
"stickler_poppy","m","GBR",13,NA,NA,NA,NA,NA,NA,NA
"stickler_poppy","w","GBR",12.7553333333333,12.262375,11.626,12.8532,NA,NA,NA,NA
"stoddart_daniel","m","NZL",NA,NA,NA,NA,NA,12.7,NA,12.933
"stoimenova_nikol","w","",10.4,12.133,10.333,NA,NA,NA,NA,NA
"stoimenova_nikol","w","BUL",11.733,11.353,10.2665,11.0665,NA,NA,NA,NA
"stott_elisha","w","GBR",10.6,8.7,8.75,10.6,NA,NA,NA,NA
"su_weide","m","CHN",14.6,NA,NA,13.2,13.866,NA,NA,NA
"sue_sebastian","m","PAN",NA,NA,NA,12.4,NA,10.55,10.7,NA
"sugihara_aiko","w","JPN",14.266,11.566,13.366,13.333,NA,NA,NA,NA
"sugimoto_kaito","m","JPN",NA,NA,NA,NA,14.165,14.883,12.333,14.1
"sugino_takaaki","m","JPN",NA,NA,NA,13.6995,11.633,NA,14.7165,NA
"sulekic_sara","w","CRO",11.533,9.483,11.033,11.533,NA,NA,NA,NA
"sullivan_ashlee","w","USA",6.55,13.1,12.55,12.65,NA,NA,NA,NA
"sun_blake","m","USA",NA,NA,NA,NA,NA,12.066,11.966,NA
"sun_wei","m","CHN",13.4,NA,NA,12.2,14.633,NA,12.966,NA
"sundell_william","m","SWE",12.866,NA,NA,NA,NA,NA,12.30825,NA
"suprun_bohdan","m","UKR",12.9665,NA,NA,11.8665,11.433,12.6165,11.1165,12.933
"surintornta_tikumporn","m","THA",13.6665,NA,NA,10.933,NA,NA,NA,12.133
"surmanova_sara","w","SVK",11.7165,10.4663333333333,9.883,11.483,NA,NA,NA,NA
"surtees_jamie_leigh","w","GBR",11.75,9.95,9.75,NA,NA,NA,NA,NA
"suto_agnes","w","ISL",12.2995,9.1495,9.8165,11.433,NA,NA,NA,NA
"syverhuset_niklas","m","NOR",NA,NA,NA,13.533,NA,NA,NA,NA
"szekely_zoja","w","HUN",12.933,11.5773333333333,13.1757142857143,12.233,NA,NA,NA,NA
"szilagyi_nikolett","w","HUN",12.393,11.708,11.633,12.144,NA,NA,NA,NA
"taman_nancy","w","EGY",12.6995,NA,NA,NA,NA,NA,NA,NA
"tamane_kenji","m","CAN",13.175,NA,NA,12.9666666666667,9.83333333333333,13.2833333333333,11.78325,13
"tamboli_saif","m","IND",NA,NA,NA,NA,NA,14.05,NA,NA
"tamsel_dominic","m","SUI",NA,NA,NA,NA,NA,14.083,13.45,13.2165
"tamsel_dominic_daniel","m","SUI",NA,NA,NA,NA,13.68,13.85,12.966,13.2
"tan_sze_en","w","SGP",NA,11.033,NA,11.833,NA,NA,NA,NA
"tang_chia_hung","m","TPE",13.95,NA,NA,14.1495,13.3995,13.4495,13.0165,13.366
"tang_xijing","w","CHN",13.8443333333333,13.52375,14.333,13.1326666666667,NA,NA,NA,NA
"tanigawa_kakeru","m","JPN",9.472,NA,NA,14.275,13.6,13.8915,14.444,13.3415
"tanigawa_wataru","m","JPN",14.43325,NA,NA,14.216,13.583,14.816,13.7495,13.9165
"tanner_david","m","AUS",6.05,NA,NA,11.4165,11.55,13.358,10.9915,13.1165
"tanriyasukur_derin","w","TUR",NA,11.6665,12.133,11.516,NA,NA,NA,NA
"tanskanen_kaia","w","FIN",13.0598,11.522,11.9555,12.63325,NA,NA,NA,NA
"tantalidis_antonios","m","GRE",13.666,NA,NA,12.1995,10.966,13.166,11.511,12.7
"tarca_nicholas","m","ROU",NA,NA,NA,12.033,12.766,NA,13.1165,NA
"tarhan_bilge","w","TUR",12.7562352941176,10.8551666666667,10.2996666666667,11.383,NA,NA,NA,NA
"tay_wei_an_terry","m","SGP",12.95,NA,NA,12.8,NA,NA,NA,NA
"teillers_wout","m","NED",NA,NA,NA,NA,11.55,11.1,NA,NA
"teillers_wout_johan_alexander","m","NED",NA,NA,NA,NA,12.7,12.533,NA,NA
"teymurova_nazanin","w","AZE",11.6914375,11.47425,9.944,12.0571818181818,NA,NA,NA,NA
"thorisson_jonas","m","",NA,NA,NA,13.35,NA,NA,NA,NA
"thorisson_jonas_ingi","m","ISL",13.6106666666667,NA,NA,12.9106666666667,11.9495,12.4995,10.7553333333333,11.55
"thornton_keira","w","GBR",12.8125,11.2666666666667,11.875,11.75,NA,NA,NA,NA
"thorpe_heath","m","AUS",10.18725,NA,NA,13.511,12.8163333333333,12.6,10.0886666666667,12.7886666666667
"thorsdottir_eythora","w","NED",13.583,12.22475,13.4441666666667,12.72475,NA,NA,NA,NA
"tikhonov_ivan","m","AZE",13.6842727272727,NA,NA,12.9218333333333,12.6398,13.433,12.7331111111111,13.4464
"ting_hua","w","TPE",11.983,12.216,10.9495,12.0165,NA,NA,NA,NA
"ting_hua_tien","w","TPE",12.3,12.6662857142857,11.2996666666667,12.266,NA,NA,NA,NA
"titov_pavel","m","FIN",NA,NA,NA,NA,NA,NA,11.8665,NA
"toba_andreas","m","GER",11.472,NA,NA,13.616,12.9396,13.2553333333333,13.433,13.6578333333333
"tobin_adam","m","GBR",14.3553333333333,NA,NA,12.6625,12.7285714285714,13.838,12.3416666666667,13.4971666666667
"todd_emily","w","GBR",12.675,10.95,12.5375,11.375,NA,NA,NA,NA
"toessebro_juliane","w","NOR",12.0915,11.3886666666667,11.283,11.4663333333333,NA,NA,NA,NA
"toishybek_diyas","m","KAZ",12.9,NA,NA,12.533,10.8165,13.033,13.016,NA
"tollet_ylea","w","BEL",12.833,11.167,NA,12.633,NA,NA,NA,NA
"tomcsanyi_benedek","m","HUN",13.522,NA,NA,13.1773333333333,12.3495,13.183,12.9498,13.3663333333333
"tommasone_cyril","m","FRA",NA,NA,NA,NA,NA,NA,14.18,NA
"tovmasyan_artur","m","",NA,NA,NA,NA,NA,NA,NA,13.708
"tran_aurelie","w","CAN",6.75,11.8,12.35,12.8165,NA,NA,NA,NA
"tran_doan_quynh_nam","w","VIE",NA,9.966,NA,12.1,NA,NA,NA,NA
"tranfield_lily","w","GBR",NA,7.95,NA,9.55,NA,NA,NA,NA
"traukova_hanna","w","BLR",12.6,10.8165,11.966,10.833,NA,NA,NA,NA
"trebing_glenn","m","GER",13.766,NA,NA,13.3165,12.95825,13.2864,13.403,13.1495
"trejo_adickxon","m","VEN",13.6,NA,NA,13.55,11.7,13.0666666666667,12.525,12.1
"trifonov_teodor","m","BUL",13.266,NA,NA,13.133,11.95,12.0165,11.983,11.9665
"trinh_hai_khang","m","VIE",13.883,NA,NA,12.8773333333333,NA,NA,NA,NA
"trnkova_lucie","w","CZE",11.3,11.2196,NA,11.7665,NA,NA,NA,NA
"tronrud_maria","w","NOR",12.6463,12.574625,12.122,11.3106666666667,NA,NA,NA,NA
"trtnik_zala","w","SLO",12.433,11.91625,12.1596,11.6091428571429,NA,NA,NA,NA
"tseng_wei","m","TPE",14.3873333333333,NA,NA,12.9,NA,NA,NA,NA
"tseng_wei_sheng","m","TPE",13.9616428571429,NA,NA,NA,NA,NA,NA,9.333
"tsiori_magdalini","w","GRE",12.733,10.3995,11.233,10.766,NA,NA,NA,NA
"tsolakidis_stefanos","m","GRE",12.733,NA,NA,12.266,9.533,12.88275,11.3495,11.466
"tulloch_courtney","m","GBR",14.1013333333333,NA,NA,13.5966,NA,13.4665,NA,14.642
"turiski_andy","w","ISR",12.23325,9.9,9.783,10.55,NA,NA,NA,NA
"turner_sydney","w","CAN",6.425,12.658,12.633,12.775,NA,NA,NA,NA
"tuya_perez_daniel","m","ESP",12.433,NA,NA,NA,NA,NA,NA,13.033
"tvorogal_robert","m","",NA,NA,NA,NA,13.55,14.158,11.4,NA
"tvorogal_robert","m","LTU",13.833,NA,NA,12.966,13.4964,12.9187142857143,11.583,13.133
"uctas_sanli_goksu","w","TUR",12.5,11.866,NA,12.6,NA,NA,NA,NA
"ude_filip","m","CRO",NA,NA,NA,NA,NA,NA,13.4452727272727,NA
"urazova_vladislava","w","ROC",14.55,13.6433333333333,14.866,13.5165,NA,NA,NA,NA
"urbanska_brygida","w","POL",12.316,10.6995,10.6665,10.6,NA,NA,NA,NA
"usakova_elena","w","SVK",11.933,11.5,NA,11,NA,NA,NA,NA
"ushioku_kohane","w","JPN",9.749,NA,NA,12.866,NA,NA,NA,NA
"vaelen_lisa","w","BEL",13.5817692307692,12.2425714285714,13.683125,13.071,NA,NA,NA,NA
"vaettoe_olivia","w","FIN",12.7,10.233,7.933,11.766,NA,NA,NA,NA
"valenzuela_yiseth","w","COL",12.4625,11.025,11.325,12.3,NA,NA,NA,NA
"valgeirsson_atli_snaer","m","ISL",12.833,NA,NA,12.333,NA,9,11.5,NA
"van_den_boogaard_nico","m","NED",NA,NA,NA,NA,NA,NA,11.1,12.058
"van_den_keybus_luka","m","BEL",13.8886666666667,NA,NA,13.3332,12.97475,13.0996,11.82475,12.722
"van_oorschot_shade","w","NED",NA,10.966,NA,12.566,NA,NA,NA,NA
"van_pol","w","NED",14.1,11.6,13.133,12.9,NA,NA,NA,NA
"van_pol_vera","w","NED",10.8032,12.079,13.0386666666667,12.479,NA,NA,NA,NA
"vannucchi_niccolo","m","ITA",14.2433333333333,NA,NA,13.483,13.533,NA,NA,12.6
"vanstroem_kim","m","SWE",NA,NA,NA,12.333,12.333,12.633,NA,12.4
"vanstrom_kim","m","SWE",NA,NA,NA,13.516,12.066,NA,NA,NA
"vargas_sergio","m","COL",12.55,NA,NA,11.15,12.15,12.5,11.25,NA
"varinska_diana","w","UKR",12.633,12.566,11.633,12.733,NA,NA,NA,NA
"varjolaakso_antti_juhani","m","FIN",13.066,NA,NA,12.266,11.566,11.733,12.2,12.266
"vasilopoulou_christina","w","GRE",9.966,NA,9.133,NA,NA,NA,NA,NA
"vecsernyes_david","m","HUN",NA,NA,NA,NA,13.3332,NA,11.266,NA
"veer_martijn","m","NED",13.6,NA,NA,13.366,12.333,13.3,NA,NA
"veerman_sanna","w","NED",10.5298,11.733,13.772,11.8553333333333,NA,NA,NA,NA
"vefic_petar","m","",NA,NA,NA,13.2,10.55,13.6,NA,12.85
"vefic_petar","m","SRB",13.56225,NA,NA,12.4558,12.53325,12.9084,11.99125,12.74975
"vega_jorge","m","CCS",13.375,NA,NA,13.8,NA,NA,NA,NA
"velasquez_pablo","m","ESA",13.325,NA,NA,11.375,10.25,11.4,10.7,10.75
"velickovic_petar","m","",NA,NA,NA,NA,NA,NA,10.85,NA
"velickovic_petar","m","SRB",NA,NA,NA,NA,NA,NA,12.2,NA
"vella_clark_tara","w","MLT",11.91625,10.6996666666667,8.67733333333333,10.7886666666667,NA,NA,NA,NA
"vera_adria","m","ESP",6.375,NA,NA,12.45,12.0386666666667,12.8,12.3776666666667,13.1053333333333
"verkest_jutta","w","BEL",11.43325,12.2972857142857,12.973,12.485125,NA,NA,NA,NA
"vidiaux_marcia","w","CUB",13.4995,NA,NA,NA,NA,NA,NA,NA
"vidricko_peter","m","SVK",13,NA,NA,10.983,8.3915,12.033,4.966,11.6
"villa_giorgia","w","ITA",NA,13.0625555555556,14.0997,NA,NA,NA,NA,NA
"villaverde_yohendry","m","CUB",14.2833333333333,NA,NA,9.1,NA,NA,11.95,NA
"villegas_andres","m","CRC",12.175,NA,NA,11.8,9.875,11.475,6.2,10.475
"villegas_maria","w","COL",12.1,NA,NA,10.6,NA,NA,NA,NA
"visagie_karma","w","RSA",12.083,11.233,NA,NA,NA,NA,NA,NA
"visser_naomi","w","",NA,12.6995,14.4495,NA,NA,NA,NA,NA
"visser_naomi","w","NED",13.1996666666667,12.46175,13.3965454545455,13.4698888888889,NA,NA,NA,NA
"vlahek_jakov","m","CRO",NA,NA,NA,NA,NA,NA,12.7276666666667,NA
"vlkova_alice","w","CZE",12.872,10.483,11.833,12.3886666666667,NA,NA,NA,NA
"volleman_tisha","w","NED",10.4866,12.0886666666667,13.069,12.881,NA,NA,NA,NA
"volleman_tisha_manouk_gijs","w","NED",12.85,11.3495,12.9776666666667,12.821,NA,NA,NA,NA
"voss_sarah","w","GER",13.6332,12.3328,13.058,12.072,NA,NA,NA,NA
"vostruchovaite_agata","w","LTU",12.54975,9.366,NA,NA,NA,NA,NA,NA
"wagner_elisabeth","w","GER",11.9665,11.2165,11.75,11.5665,NA,NA,NA,NA
"wahrmann_baker_elel","m","JAM",13.075,NA,NA,12.7,11.1,12.225,11.95,11.325
"walker_colt","m","USA",14.6,NA,NA,10.433,13.2,14.866,NA,13.566
"wang_zhi","w","TPE",NA,NA,10.133,NA,NA,NA,NA,NA
"wartmann_lea","w","GER",NA,11.85,NA,NA,NA,NA,NA,NA
"watanabe_hazuki","w","JPN",6.5,13.1666666666667,12.3415,12.0665,NA,NA,NA,NA
"wayman_hannah","w","GBR",12.7,9.7,10.7,11.65,NA,NA,NA,NA
"wei_xiaoyuan","w","CHN",12.9,12.566,14.244,12.733,NA,NA,NA,NA
"weir_david","m","GBR",13.5132,NA,NA,13.1443333333333,12.483,12.7,11.05,12.45
"westlund_emelie","w","SWE",12.3773333333333,11.4996,12.5932,11.916,NA,NA,NA,NA
"westlund_nathalie","w","SWE",12.633,12.033,12.8462,12.075,NA,NA,NA,NA
"wevers_lieke","w","NED",13.433,12.883,13.4495,12.466,NA,NA,NA,NA
"wevers_sanne","w","NED",NA,13.6996666666667,11.733,NA,NA,NA,NA,NA
"whitehead_emily","w","AUS",12.74575,12.3386666666667,12.0386666666667,12.5415,NA,NA,NA,NA
"whitehouse_luke","m","GBR",14.1138333333333,NA,NA,14.022,12.14575,12.1966,11.8398,13.4165
"whitlock_obe_max","m","GBR",NA,NA,NA,NA,13.55,14,12.775,NA
"whittenburg_donnell","m","USA",0,NA,NA,13.433,12.55,13.666,12.833,14.233
"wibye_harald","m","NOR",13.822,NA,NA,12.9216666666667,12.6773333333333,14.144,12.0663333333333,12.6553333333333
"wildi_anina","w","SUI",12.4776666666667,9.9,12.0665,12.3995,NA,NA,NA,NA
"williams_meehan_joshua_jack","m","ESP",13.266,NA,NA,13.266,13.466,12.966,12.3,12.733
"wingrove_harriet","w","AUS",6.575,11.5,NA,12.1,NA,NA,NA,NA
"wiskus_shane","m","USA",NA,NA,NA,14.3,13.75,14.75,NA,14
"wolfgang_natalie","w","GER",12.1,11.2,10.333,10.8,NA,NA,NA,NA
"wong_chun_hei_vincent","m","HKG",11.583,NA,NA,NA,NA,NA,NA,NA
"wong_hiu_ying","w","HKG",NA,10.266,NA,NA,NA,NA,NA,NA
"wong_hiu_ying_angel","w","HKG",NA,11.8165,NA,NA,NA,NA,NA,NA
"wong_leanne","w","USA",13.433,NA,NA,NA,NA,NA,NA,NA
"woodhead_poppy","w","GBR",12.65,9.6,9.65,10.9,NA,NA,NA,NA
"wright_jessica","w","GBR",NA,10.85,9,11.6,NA,NA,NA,NA
"wright_tilly","w","GBR",12.5,12.675,11.9,12.25,NA,NA,NA,NA
"wu_anny","w","SUI",12.6165,10.233,12.283,11.966,NA,NA,NA,NA
"wu_sing","w","TPE",12.31,12.033,NA,11.266,NA,NA,NA,NA
"wu_sing_fen","w","TPE",12.7,NA,8.133,NA,NA,NA,NA,NA
"xiao_ruoteng","m","CHN",NA,NA,NA,12.766,12.166,NA,NA,NA
"yamada_chiharu","w","JPN",6.59975,12.5663333333333,13.5773333333333,12.6166666666667,NA,NA,NA,NA
"yamamoto_nanami","w","JPN",6.675,13.1,13.35,11.9,NA,NA,NA,NA
"yang_jiaxing","m","CHN",14.466,NA,NA,13.3,13.666,NA,12.666,NA
"yap_emma","m","SGP",11.25,NA,NA,NA,NA,NA,NA,NA
"yap_emma","w","SGP",12.05,11.275,10.55,11.925,NA,NA,NA,NA
"yassinskaya_darya","w","KAZ",12.483,9.666,NA,11.0776666666667,NA,NA,NA,NA
"yeh_cheng","m","TPE",13.7546666666667,NA,NA,13.1245,11.73325,12.955,12.2665,12.6
"yeo_seojeong","w","KOR",14.57475,11.183,12.5,12.5995,NA,NA,NA,NA
"yeoh_li_wen","w","MAS",NA,NA,11.366,NA,NA,NA,NA,NA
"yeoh_li_wen_rachel","w","MAS",NA,NA,11.8,NA,NA,NA,NA,NA
"yerbossynkyzy_korkem","w","KAZ",11.666,9.2,10.633,10.3,NA,NA,NA,NA
"yildiz_bengisu","w","TUR",12.6483076923077,11.0122,11.5886666666667,11.708,NA,NA,NA,NA
"yin_dehang","m","CHN",NA,NA,NA,NA,NA,NA,14.0665,NA
"yonekura_","m","JPN",14.016,NA,NA,NA,NA,NA,NA,NA
"you_hao","m","CHN",NA,NA,NA,NA,13.233,12.7,13.633,14.6165
"yu_linmin","w","CHN",13.0386666666667,NA,NA,NA,NA,NA,NA,NA
"yulo_carlos_edriel","m","PHI",14.714,NA,NA,14.2235714285714,12.7165,15.17,11.833,14.0328333333333
"yun_boeun","w","KOR",12.9315,10.683,12.0665,11.65,NA,NA,NA,NA
"yusof_eddy","m","SUI",NA,NA,NA,NA,NA,14.0553333333333,12.625,13.6415
"zahran_ali","m","EGY",NA,NA,NA,NA,NA,NA,NA,14.076
"zakutney_sam","m","CAN",6.9,NA,NA,13.3,13.9165,13.7,11.975,13.008
"zander_daniel","m","AUT",12.633,NA,NA,13.022,11.966,12.4,11.066,12.5386666666667
"zanetti_arthur","m","",NA,NA,NA,NA,NA,NA,NA,14.5665
"zapata_rayderley","m","ESP",13.9665,NA,NA,13.64975,NA,NA,NA,13.758
"zeidel_uri","m","ISR",11.3094285714286,NA,NA,12.6427142857143,11.93725,12.6331428571429,12.18725,12.8432
"zelcic_tina","w","CRO",NA,12.1607142857143,NA,NA,NA,NA,NA,NA
"zhang_boheng","m","CHN",14.43325,NA,NA,14.35825,14.3398,15.1915,14.0165,13.9165
"zhang_jin","w","CHN",13.7553333333333,13.3773333333333,13.1,12.9716,NA,NA,NA,NA
"zhu_aiyu","w","GER",12.9465,11.3995,11.816,11.483,NA,NA,NA,NA
"zivadinovic_kristina","w","",NA,9.566,NA,11.333,NA,NA,NA,NA
"zivadinovic_kristina","w","SRB",NA,8.933,NA,NA,NA,NA,NA,NA
"zlatanov_bozhidar","m","",13.929,NA,NA,NA,NA,12.4,NA,13.4
"zlatanov_bozhidar","m","BUL",14.047,NA,NA,12.633,11.266,13.66,11.166,13.0665
"zlobec_evandra","w","CAN",5.725,11.2,11.2,12.65,NA,NA,NA,NA
"zona_jim","m","FRA",8.78333333333333,NA,NA,13.6165,13.2165,NA,12.7915,13.225
"zonneveld_maya","w","CAN",NA,NA,10.55,NA,NA,NA,NA,NA
"zou_jingyuan","m","CHN",NA,NA,NA,NA,NA,15.948,13.948,14.93125
"zugec_mateo","m","CRO",NA,NA,NA,NA,NA,NA,13.0598,NA
"zulfa_luqman_al_hafiz","m","MAS",NA,NA,NA,11.9,12.133,10.7,NA,NA
"zwicker_christina","w","CRO",11.5,12.0798,10.43325,10.633,NA,NA,NA,NA
